# This file uses centimeters as units for non-parametric coordinates.

mtllib tulip.mtl
g default
v 16.280122 38.029293 1.869758
v 18.359649 38.065850 -1.252959
v 14.771253 29.943805 -0.022593
v 16.867026 29.981064 -3.156125
v 15.448005 30.153608 0.890115
v 17.541871 30.191495 -2.244684
v 16.087163 32.163076 1.568491
v 18.188554 32.200367 -1.571695
v 16.279074 33.824653 1.827845
v 18.423730 33.902526 -1.323439
v 16.175982 35.222869 1.874724
v 18.262845 35.562795 -1.255625
v 16.157602 36.751333 1.918684
v 18.197760 36.831998 -1.193025
v 16.799066 38.038434 1.088454
v 16.666525 36.760415 1.141667
v 16.699566 35.232030 1.092181
v 16.803272 33.833829 1.044624
v 16.611042 32.172622 0.785063
v 15.971437 30.163085 0.106387
v 15.295192 29.953122 -0.805972
v 17.308505 38.047488 0.314603
v 17.150532 36.813661 0.372850
v 17.221296 35.535100 0.312864
v 17.362472 33.873041 0.255780
v 17.177630 32.224092 0.008368
v 16.571232 30.229654 -0.676246
v 15.870179 29.991027 -1.586996
v 17.794791 38.056251 -0.435859
v 17.624483 37.030059 -0.398792
v 17.736816 35.716447 -0.485259
v 17.909524 33.936307 -0.543660
v 17.671003 32.191144 -0.794869
v 17.018291 30.182036 -1.461062
v 16.343080 29.971750 -2.372735
v 15.448005 30.153608 0.890115
v 15.971437 30.163085 0.106387
v 17.018291 30.182036 -1.461062
v 17.541871 30.191495 -2.244684
vt 0.628933 0.927475
vt 0.561771 0.927475
vt 0.561771 0.852714
vt 0.628933 0.852714
vt 0.628933 0.553671
vt 0.561771 0.553671
vt 0.561771 0.478909
vt 0.628933 0.478909
vt 0.628933 0.628431
vt 0.561771 0.628431
vt 0.628933 0.703192
vt 0.561771 0.703192
vt 0.628933 0.777953
vt 0.561771 0.777953
vt 0.427446 0.852714
vt 0.427446 0.927475
vt 0.360284 0.927475
vt 0.360284 0.852714
vt 0.427446 0.777953
vt 0.360284 0.777953
vt 0.427446 0.703192
vt 0.360284 0.703192
vt 0.427446 0.628431
vt 0.360284 0.628431
vt 0.427446 0.553671
vt 0.360284 0.553671
vt 0.427446 0.478909
vt 0.360284 0.478909
vt 0.494609 0.852714
vt 0.494609 0.927475
vt 0.494609 0.777953
vt 0.494609 0.703192
vt 0.494609 0.628431
vt 0.494609 0.553671
vt 0.494609 0.478909
vt 0.000000 0.000000
vt 1.000000 0.000000
vt 1.000000 1.000000
vt 0.000000 1.000000
vt 0.000000 0.000000
vt 1.000000 0.000000
vt 1.000000 1.000000
vt 0.000000 1.000000
vn 0.807991 -0.093798 0.581681
vn 0.825781 -0.097069 0.555575
vn 0.832112 -0.040004 0.553164
vn 0.816510 -0.026995 0.576699
vn 0.168910 -0.980426 0.101169
vn 0.621611 -0.670318 0.405308
vn 0.161519 -0.980547 0.111527
vn 0.168910 -0.980426 0.101169
vn 0.789220 -0.321124 0.523460
vn 0.797332 -0.314011 0.515422
vn 0.759843 -0.413052 0.502022
vn 0.830466 -0.075870 0.551879
vn 0.832164 -0.060772 0.551190
vn 0.828180 0.047178 0.558472
vn 0.830385 0.042825 0.555542
vn 0.836479 -0.028585 0.547254
vn 0.836858 -0.067532 0.543238
vn 0.833526 -0.061236 0.549075
vn 0.834050 -0.028733 0.550940
vn 0.828962 0.025727 0.558712
vn 0.832307 0.018388 0.554010
vn 0.822055 -0.076768 0.564210
vn 0.829168 -0.075526 0.553874
vn 0.783033 -0.315132 0.536239
vn 0.792539 -0.308241 0.526184
vn 0.616265 -0.672118 0.410456
vn 0.760020 -0.411637 0.502916
vn 0.189459 -0.977543 0.092279
vn 0.168329 -0.980569 0.100742
vn 0.168329 -0.980569 0.100742
vn 0.842468 -0.025612 0.538136
vn 0.844130 -0.087400 0.528966
vn 0.831131 0.036319 0.554889
vn 0.824580 -0.067723 0.561677
vn 0.790868 -0.306588 0.529652
vn 0.639065 -0.647193 0.415616
vn 0.172133 -0.978803 0.110975
vn 0.000000 0.000000 0.000000
vn 0.000000 0.000000 0.000000
vn 0.000000 0.000000 0.000000
vn 0.000000 0.000000 0.000000
vn 0.000000 0.000000 0.000000
vn 0.000000 0.000000 0.000000
vn 0.000000 0.000000 0.000000
vn 0.000000 0.000000 0.000000
s 1
g polySurface68 polySurface40
usemtl blinn2SG
f 2/1/1 29/2/2 30/3/3 14/4/4
f 6/5/5 34/6/6 35/7/7 4/8/8
f 8/9/9 33/10/10 34/6/6 6/5/11
f 10/11/12 32/12/13 33/10/10 8/9/9
f 12/13/14 31/14/15 32/12/13 10/11/12
f 14/4/4 30/3/3 31/14/15 12/13/14
f 16/15/16 15/16/17 1/17/18 13/18/19
f 17/19/20 16/15/16 13/18/19 11/20/21
f 18/21/22 17/19/20 11/20/21 9/22/23
f 19/23/24 18/21/22 9/22/23 7/24/25
f 20/25/26 19/23/24 7/24/25 5/26/27
f 21/27/28 20/25/26 5/26/29 3/28/30
f 23/29/31 22/30/32 15/16/17 16/15/16
f 24/31/33 23/29/31 16/15/16 17/19/20
f 25/32/34 24/31/33 17/19/20 18/21/22
f 26/33/35 25/32/34 18/21/22 19/23/24
f 27/34/36 26/33/35 19/23/24 20/25/26
f 28/35/37 27/34/36 20/25/26 21/27/28
f 30/3/3 29/2/2 22/30/32 23/29/31
f 31/14/15 30/3/3 23/29/31 24/31/33
f 32/12/13 31/14/15 24/31/33 25/32/34
f 33/10/10 32/12/13 25/32/34 26/33/35
f 34/6/6 33/10/10 26/33/35 27/34/36
f 35/7/7 34/6/6 27/34/36 28/35/37
s off
f 5/36/38 20/37/39 37/38/40 36/39/41
f 34/40/42 6/41/43 39/42/44 38/43/45
g default
v 18.531009 38.330231 0.125504
v 17.616352 38.218774 -4.107664
v 16.274193 30.182478 0.049402
v 15.363574 30.071655 -4.205938
v 17.553773 30.519342 0.216094
v 16.640522 30.409070 -4.038698
v 18.598486 31.735484 0.181650
v 17.686876 31.624416 -4.083697
v 18.849564 33.486127 0.191428
v 17.960085 33.422649 -4.119666
v 18.687844 35.095407 0.281751
v 17.747222 35.332949 -3.970753
v 18.580725 36.857762 0.296412
v 17.639856 36.796370 -3.896301
v 18.301077 38.302288 -0.932513
v 18.346294 36.829675 -0.749848
v 18.460609 35.067580 -0.781111
v 18.622260 33.458285 -0.872485
v 18.370725 31.708040 -0.882172
v 17.325407 30.491779 -0.847595
v 16.046538 30.154774 -1.014428
v 18.069680 38.274424 -1.976657
v 18.094928 36.852077 -1.769896
v 18.209801 35.378297 -1.846741
v 18.415866 33.465976 -1.970650
v 18.179268 31.731040 -1.976999
v 17.154421 30.533025 -1.975086
v 15.859386 30.162170 -2.119374
v 17.839057 38.247087 -2.982813
v 17.819426 37.061708 -2.787703
v 17.948725 35.547221 -2.919464
v 18.188947 33.500083 -3.067811
v 17.914237 31.651983 -3.030431
v 16.868680 30.436643 -2.974968
v 15.591233 30.099362 -3.142095
v 17.553773 30.519342 0.216094
v 17.325407 30.491779 -0.847595
v 16.868680 30.436643 -2.974968
v 16.640522 30.409070 -4.038698
vt 0.628933 0.927475
vt 0.561771 0.927475
vt 0.561771 0.852714
vt 0.628933 0.852714
vt 0.628933 0.553671
vt 0.561771 0.553671
vt 0.561771 0.478909
vt 0.628933 0.478909
vt 0.628933 0.628431
vt 0.561771 0.628431
vt 0.628933 0.703192
vt 0.561771 0.703192
vt 0.628933 0.777953
vt 0.561771 0.777953
vt 0.427446 0.852714
vt 0.427446 0.927475
vt 0.360284 0.927475
vt 0.360284 0.852714
vt 0.427446 0.777953
vt 0.360284 0.777953
vt 0.427446 0.703192
vt 0.360284 0.703192
vt 0.427446 0.628431
vt 0.360284 0.628431
vt 0.427446 0.553671
vt 0.360284 0.553671
vt 0.427446 0.478909
vt 0.360284 0.478909
vt 0.494609 0.852714
vt 0.494609 0.927475
vt 0.494609 0.777953
vt 0.494609 0.703192
vt 0.494609 0.628431
vt 0.494609 0.553671
vt 0.494609 0.478909
vt 0.000000 0.000000
vt 1.000000 0.000000
vt 1.000000 1.000000
vt 0.000000 1.000000
vt 0.000000 0.000000
vt 1.000000 0.000000
vt 1.000000 1.000000
vt 0.000000 1.000000
vn 0.984423 -0.025650 -0.173935
vn 0.978341 -0.030007 -0.204812
vn 0.976853 0.026984 -0.212203
vn 0.981904 0.040970 -0.184895
vn 0.258974 -0.965406 -0.030399
vn 0.552781 -0.828716 -0.087536
vn 0.261258 -0.965103 -0.017878
vn 0.258974 -0.965406 -0.030399
vn 0.893884 -0.410330 -0.180558
vn 0.899471 -0.395088 -0.186703
vn 0.747119 -0.648936 -0.143857
vn 0.977395 -0.015834 -0.210826
vn 0.977095 0.000774 -0.212800
vn 0.971559 0.114136 -0.207475
vn 0.971313 0.109679 -0.211003
vn 0.974824 0.038141 -0.219687
vn 0.975056 -0.000960 -0.221956
vn 0.976459 0.005588 -0.215630
vn 0.975786 0.038149 -0.215375
vn 0.973839 0.092791 -0.207431
vn 0.973334 0.085280 -0.212952
vn 0.980337 -0.016401 -0.196649
vn 0.977866 -0.015125 -0.208684
vn 0.900129 -0.399211 -0.174352
vn 0.907239 -0.378024 -0.184430
vn 0.551704 -0.827756 -0.102186
vn 0.748570 -0.647285 -0.143754
vn 0.266699 -0.962407 -0.051417
vn 0.258275 -0.965597 -0.030276
vn 0.258275 -0.965597 -0.030276
vn 0.972246 0.040716 -0.230391
vn 0.971345 -0.021467 -0.236702
vn 0.971838 0.103177 -0.211862
vn 0.979726 -0.006523 -0.200234
vn 0.906776 -0.380723 -0.181127
vn 0.570784 -0.814481 -0.104051
vn 0.268124 -0.963036 -0.025922
vn 0.000000 0.000000 0.000000
vn 0.000000 0.000000 0.000000
vn 0.000000 0.000000 0.000000
vn 0.000000 0.000000 0.000000
vn 0.000000 0.000000 0.000000
vn 0.000000 0.000000 0.000000
vn 0.000000 0.000000 0.000000
vn 0.000000 0.000000 0.000000
s 1
g polySurface40 polySurface67
usemtl blinn2SG
f 41/44/46 68/45/47 69/46/48 53/47/49
f 45/48/50 73/49/51 74/50/52 43/51/53
f 47/52/54 72/53/55 73/49/51 45/48/56
f 49/54/57 71/55/58 72/53/55 47/52/54
f 51/56/59 70/57/60 71/55/58 49/54/57
f 53/47/49 69/46/48 70/57/60 51/56/59
f 55/58/61 54/59/62 40/60/63 52/61/64
f 56/62/65 55/58/61 52/61/64 50/63/66
f 57/64/67 56/62/65 50/63/66 48/65/68
f 58/66/69 57/64/67 48/65/68 46/67/70
f 59/68/71 58/66/69 46/67/70 44/69/72
f 60/70/73 59/68/71 44/69/74 42/71/75
f 62/72/76 61/73/77 54/59/62 55/58/61
f 63/74/78 62/72/76 55/58/61 56/62/65
f 64/75/79 63/74/78 56/62/65 57/64/67
f 65/76/80 64/75/79 57/64/67 58/66/69
f 66/77/81 65/76/80 58/66/69 59/68/71
f 67/78/82 66/77/81 59/68/71 60/70/73
f 69/46/48 68/45/47 61/73/77 62/72/76
f 70/57/60 69/46/48 62/72/76 63/74/78
f 71/55/58 70/57/60 63/74/78 64/75/79
f 72/53/55 71/55/58 64/75/79 65/76/80
f 73/49/51 72/53/55 65/76/80 66/77/81
f 74/50/52 73/49/51 66/77/81 67/78/82
s off
f 44/79/83 59/80/84 76/81/85 75/82/86
f 73/83/87 45/84/88 78/85/89 77/86/90
g default
v 13.815647 37.398664 -0.114972
v 16.121730 37.473453 -1.800766
v 13.953040 29.869970 -0.804487
v 16.273560 29.945612 -2.493743
v 14.193014 30.038665 0.025075
v 16.512494 30.114755 -1.665592
v 14.373767 33.098574 0.659296
v 16.700052 33.174359 -1.033242
v 14.420565 34.240682 0.894025
v 16.779950 34.348168 -0.795219
v 14.200563 35.294212 0.680739
v 16.508408 35.600128 -1.009655
v 13.951466 36.441086 0.313272
v 16.225722 36.548722 -1.375156
v 14.391662 37.417352 -0.537111
v 14.519191 36.459536 -0.108438
v 14.780220 35.313001 0.258933
v 15.000837 34.259492 0.471894
v 14.953859 33.117660 0.236931
v 14.772865 30.057688 -0.397619
v 14.533167 29.888880 -1.226798
v 14.958928 37.435773 -0.956424
v 15.066159 36.511140 -0.530992
v 15.352386 35.555510 -0.162097
v 15.607056 34.301807 0.054835
v 15.561944 33.169392 -0.169543
v 15.405969 30.121527 -0.799664
v 15.148636 29.930456 -1.634113
v 15.503505 37.453490 -1.365101
v 15.603737 36.686792 -0.958787
v 15.927262 35.705304 -0.597770
v 16.206945 34.362255 -0.373073
v 16.126211 33.155653 -0.613933
v 15.932563 30.095741 -1.243008
v 15.693428 29.926698 -2.071425
v 14.193014 30.038665 0.025075
v 14.772866 30.057688 -0.397622
v 15.932564 30.095741 -1.243012
v 16.512494 30.114755 -1.665592
vt 0.628933 0.927475
vt 0.561771 0.927475
vt 0.561771 0.852714
vt 0.628933 0.852714
vt 0.628933 0.553671
vt 0.561771 0.553671
vt 0.561771 0.478909
vt 0.628933 0.478909
vt 0.628933 0.628431
vt 0.561771 0.628431
vt 0.628933 0.703192
vt 0.561771 0.703192
vt 0.628933 0.777953
vt 0.561771 0.777953
vt 0.427446 0.852714
vt 0.427446 0.927475
vt 0.360284 0.927475
vt 0.360284 0.852714
vt 0.427446 0.777953
vt 0.360284 0.777953
vt 0.427446 0.703192
vt 0.360284 0.703192
vt 0.427446 0.628431
vt 0.360284 0.628431
vt 0.427446 0.553671
vt 0.360284 0.553671
vt 0.427446 0.478909
vt 0.360284 0.478909
vt 0.494609 0.852714
vt 0.494609 0.927475
vt 0.494609 0.777953
vt 0.494609 0.703192
vt 0.494609 0.628431
vt 0.494609 0.553671
vt 0.494609 0.478909
vt 0.000000 0.000000
vt 1.000000 0.000000
vt 1.000000 1.000000
vt 0.000000 1.000000
vt 0.000000 0.000000
vt 1.000000 0.000000
vt 1.000000 1.000000
vt 0.000000 1.000000
vn 0.540110 0.423050 0.727537
vn 0.525170 0.426091 0.736643
vn 0.519842 0.432813 0.736503
vn 0.555642 0.432666 0.709973
vn 0.146381 -0.976667 0.157141
vn 0.556193 -0.408410 0.723775
vn 0.135870 -0.977006 0.164314
vn 0.146381 -0.976667 0.157141
vn 0.581497 -0.198605 0.788934
vn 0.595804 -0.195013 0.779094
vn 0.581914 -0.198800 0.788577
vn 0.597473 0.027117 0.801431
vn 0.589430 0.049872 0.806279
vn 0.580157 0.329503 0.744880
vn 0.544523 0.346653 0.763758
vn 0.523564 0.391946 0.756479
vn 0.534798 0.404313 0.741972
vn 0.534178 0.405340 0.741858
vn 0.540050 0.381298 0.750305
vn 0.529192 0.318002 0.786658
vn 0.552177 0.321774 0.769131
vn 0.569939 0.037214 0.820844
vn 0.586868 0.044661 0.808450
vn 0.566489 -0.195077 0.800647
vn 0.581619 -0.194751 0.789805
vn 0.532871 -0.412905 0.738619
vn 0.581425 -0.197974 0.789146
vn 0.168662 -0.973271 0.155874
vn 0.145978 -0.976824 0.156540
vn 0.145978 -0.976824 0.156540
vn 0.496620 0.416700 0.761400
vn 0.518212 0.417734 0.746294
vn 0.508708 0.330685 0.794898
vn 0.568149 0.041195 0.821894
vn 0.579404 -0.193309 0.791785
vn 0.552709 -0.387604 0.737751
vn 0.145978 -0.975013 0.167452
vn 0.000000 0.000000 0.000000
vn 0.000000 0.999783 0.020829
vn 0.000000 0.999783 0.020829
vn 0.000000 0.000000 0.000000
vn 0.003239 0.998934 0.046044
vn 0.000000 0.000000 0.000000
vn 0.000000 0.000000 0.000000
vn 0.003239 0.998934 0.046044
s 1
g polySurface40 polySurface64
usemtl blinn2SG
f 80/87/91 107/88/92 108/89/93 92/90/94
f 84/91/95 112/92/96 113/93/97 82/94/98
f 86/95/99 111/96/100 112/92/96 84/91/101
f 88/97/102 110/98/103 111/96/100 86/95/99
f 90/99/104 109/100/105 110/98/103 88/97/102
f 92/90/94 108/89/93 109/100/105 90/99/104
f 94/101/106 93/102/107 79/103/108 91/104/109
f 95/105/110 94/101/106 91/104/109 89/106/111
f 96/107/112 95/105/110 89/106/111 87/108/113
f 97/109/114 96/107/112 87/108/113 85/110/115
f 98/111/116 97/109/114 85/110/115 83/112/117
f 99/113/118 98/111/116 83/112/119 81/114/120
f 101/115/121 100/116/122 93/102/107 94/101/106
f 102/117/123 101/115/121 94/101/106 95/105/110
f 103/118/124 102/117/123 95/105/110 96/107/112
f 104/119/125 103/118/124 96/107/112 97/109/114
f 105/120/126 104/119/125 97/109/114 98/111/116
f 106/121/127 105/120/126 98/111/116 99/113/118
f 108/89/93 107/88/92 100/116/122 101/115/121
f 109/100/105 108/89/93 101/115/121 102/117/123
f 110/98/103 109/100/105 102/117/123 103/118/124
f 111/96/100 110/98/103 103/118/124 104/119/125
f 112/92/96 111/96/100 104/119/125 105/120/126
f 113/93/97 112/92/96 105/120/126 106/121/127
s off
f 83/122/128 98/123/129 115/124/130 114/125/131
f 112/126/132 84/127/133 117/128/134 116/129/135
g default
v 14.730904 37.469493 1.393577
v 17.036987 37.544282 -0.292217
v 14.349668 29.897629 -0.320294
v 16.670189 29.973270 -2.009551
v 14.589643 30.066324 0.509267
v 16.909123 30.142414 -1.181400
v 14.770396 33.126232 1.143488
v 17.096680 33.202018 -0.549050
v 14.817194 34.268341 1.378217
v 17.176579 34.375826 -0.311027
v 14.705920 35.330922 1.379683
v 17.013765 35.636838 -0.310710
v 14.653597 36.494175 1.400872
v 16.927854 36.601811 -0.287556
v 15.306920 37.488181 0.971437
v 15.221323 36.512624 0.979162
v 15.285577 35.349710 0.957877
v 15.397466 34.287151 0.956086
v 15.350488 33.145318 0.721123
v 15.169494 30.085347 0.086573
v 14.929795 29.916539 -0.742606
v 15.874185 37.506602 0.552125
v 15.768291 36.564228 0.556607
v 15.857743 35.592219 0.536848
v 16.003685 34.329466 0.539027
v 15.958573 33.197051 0.314649
v 15.802598 30.149186 -0.315472
v 15.545265 29.958114 -1.149921
v 16.418762 37.524319 0.143447
v 16.305868 36.739881 0.128814
v 16.432619 35.742013 0.101175
v 16.603574 34.389914 0.111119
v 16.522840 33.183311 -0.129741
v 16.329192 30.123400 -0.758816
v 16.090057 29.954357 -1.587233
v 14.589643 30.066324 0.509267
v 15.169494 30.085347 0.086570
v 16.329193 30.123400 -0.758819
v 16.909123 30.142414 -1.181400
vt 0.628933 0.927475
vt 0.561771 0.927475
vt 0.561771 0.852714
vt 0.628933 0.852714
vt 0.628933 0.553671
vt 0.561771 0.553671
vt 0.561771 0.478909
vt 0.628933 0.478909
vt 0.628933 0.628431
vt 0.561771 0.628431
vt 0.628933 0.703192
vt 0.561771 0.703192
vt 0.628933 0.777953
vt 0.561771 0.777953
vt 0.427446 0.852714
vt 0.427446 0.927475
vt 0.360284 0.927475
vt 0.360284 0.852714
vt 0.427446 0.777953
vt 0.360284 0.777953
vt 0.427446 0.703192
vt 0.360284 0.703192
vt 0.427446 0.628431
vt 0.360284 0.628431
vt 0.427446 0.553671
vt 0.360284 0.553671
vt 0.427446 0.478909
vt 0.360284 0.478909
vt 0.494609 0.852714
vt 0.494609 0.927475
vt 0.494609 0.777953
vt 0.494609 0.703192
vt 0.494609 0.628431
vt 0.494609 0.553671
vt 0.494609 0.478909
vt 0.000000 0.000000
vt 1.000000 0.000000
vt 1.000000 1.000000
vt 0.000000 1.000000
vt 0.000000 0.000000
vt 1.000000 0.000000
vt 1.000000 1.000000
vt 0.000000 1.000000
vn 0.559612 -0.076714 0.825197
vn 0.585392 -0.079460 0.806847
vn 0.590809 -0.022243 0.806504
vn 0.567740 -0.009697 0.823151
vn 0.146381 -0.976667 0.157141
vn 0.556193 -0.408410 0.723775
vn 0.135870 -0.977006 0.164314
vn 0.146381 -0.976667 0.157141
vn 0.581497 -0.198605 0.788934
vn 0.595804 -0.195013 0.779094
vn 0.581914 -0.198800 0.788577
vn 0.590318 -0.065020 0.804547
vn 0.591787 -0.048372 0.804642
vn 0.583220 0.064806 0.809725
vn 0.586401 0.060518 0.807757
vn 0.596675 -0.010698 0.802412
vn 0.599341 -0.049615 0.798954
vn 0.594050 -0.043420 0.803255
vn 0.593127 -0.010918 0.805035
vn 0.584379 0.043379 0.810320
vn 0.589313 0.036139 0.807096
vn 0.578574 -0.066342 0.812927
vn 0.588543 -0.064450 0.805893
vn 0.566489 -0.195077 0.800647
vn 0.581619 -0.194751 0.789805
vn 0.532871 -0.412905 0.738619
vn 0.581425 -0.197974 0.789146
vn 0.168662 -0.973271 0.155874
vn 0.145978 -0.976824 0.156540
vn 0.145978 -0.976824 0.156540
vn 0.605371 -0.007548 0.795908
vn 0.611563 -0.069254 0.788159
vn 0.587482 0.054035 0.807432
vn 0.581474 -0.056310 0.811614
vn 0.579404 -0.193309 0.791785
vn 0.552709 -0.387604 0.737751
vn 0.145978 -0.975013 0.167452
vn 0.000000 0.000000 0.000000
vn 0.000000 0.999783 0.020829
vn 0.000000 0.999783 0.020829
vn 0.000000 0.000000 0.000000
vn 0.003239 0.998934 0.046044
vn 0.000000 0.000000 0.000000
vn 0.000000 0.000000 0.000000
vn 0.003239 0.998934 0.046044
s 1
g polySurface40 polySurface65
usemtl blinn2SG
f 119/130/136 146/131/137 147/132/138 131/133/139
f 123/134/140 151/135/141 152/136/142 121/137/143
f 125/138/144 150/139/145 151/135/141 123/134/146
f 127/140/147 149/141/148 150/139/145 125/138/144
f 129/142/149 148/143/150 149/141/148 127/140/147
f 131/133/139 147/132/138 148/143/150 129/142/149
f 133/144/151 132/145/152 118/146/153 130/147/154
f 134/148/155 133/144/151 130/147/154 128/149/156
f 135/150/157 134/148/155 128/149/156 126/151/158
f 136/152/159 135/150/157 126/151/158 124/153/160
f 137/154/161 136/152/159 124/153/160 122/155/162
f 138/156/163 137/154/161 122/155/164 120/157/165
f 140/158/166 139/159/167 132/145/152 133/144/151
f 141/160/168 140/158/166 133/144/151 134/148/155
f 142/161/169 141/160/168 134/148/155 135/150/157
f 143/162/170 142/161/169 135/150/157 136/152/159
f 144/163/171 143/162/170 136/152/159 137/154/161
f 145/164/172 144/163/171 137/154/161 138/156/163
f 147/132/138 146/131/137 139/159/167 140/158/166
f 148/143/150 147/132/138 140/158/166 141/160/168
f 149/141/148 148/143/150 141/160/168 142/161/169
f 150/139/145 149/141/148 142/161/169 143/162/170
f 151/135/141 150/139/145 143/162/170 144/163/171
f 152/136/142 151/135/141 144/163/171 145/164/172
s off
f 122/165/173 137/166/174 154/167/175 153/168/176
f 151/169/177 123/170/178 156/171/179 155/172/180
g default
v 14.062627 37.974794 -1.952021
v 15.079318 38.065810 0.716980
v 15.274476 30.512325 -1.815910
v 16.290677 30.603807 0.867948
v 14.400552 30.613151 -1.798344
v 15.418347 30.705221 0.884890
v 13.505776 33.611640 -1.718422
v 14.523625 33.703242 0.971861
v 13.179098 34.731850 -1.708004
v 14.182705 34.853397 1.014090
v 13.359893 35.806038 -1.839355
v 14.362625 36.127660 0.838005
v 13.689408 36.985104 -1.956072
v 14.714366 37.110410 0.683695
v 14.317597 37.997608 -1.285077
v 13.946139 37.008008 -1.297243
v 13.613587 35.828772 -1.168982
v 13.432942 34.754602 -1.036953
v 13.759871 33.634690 -1.047477
v 14.655032 30.636172 -1.127547
v 15.528525 30.535196 -1.144949
v 14.572143 38.020339 -0.627322
v 14.206513 37.064909 -0.657433
v 13.851129 36.074760 -0.500765
v 13.673332 34.799315 -0.341652
v 13.988858 33.687983 -0.352933
v 14.872306 30.700149 -0.409748
v 15.757186 30.578104 -0.443302
v 14.822412 38.042613 0.005738
v 14.464751 37.246215 -0.022379
v 14.109252 36.229227 0.171725
v 13.924404 34.863120 0.350821
v 14.270815 33.680510 0.307758
v 15.163993 30.682220 0.214045
v 16.036623 30.580933 0.196981
v 14.400552 30.613151 -1.798344
v 14.655035 30.636172 -1.127545
v 15.163996 30.682220 0.214047
v 15.418347 30.705221 0.884890
vt 0.628933 0.927475
vt 0.561771 0.927475
vt 0.561771 0.852714
vt 0.628933 0.852714
vt 0.628933 0.553671
vt 0.561771 0.553671
vt 0.561771 0.478909
vt 0.628933 0.478909
vt 0.628933 0.628431
vt 0.561771 0.628431
vt 0.628933 0.703192
vt 0.561771 0.703192
vt 0.628933 0.777953
vt 0.561771 0.777953
vt 0.427446 0.852714
vt 0.427446 0.927475
vt 0.360284 0.927475
vt 0.360284 0.852714
vt 0.427446 0.777953
vt 0.360284 0.777953
vt 0.427446 0.703192
vt 0.360284 0.703192
vt 0.427446 0.628431
vt 0.360284 0.628431
vt 0.427446 0.553671
vt 0.360284 0.553671
vt 0.427446 0.478909
vt 0.360284 0.478909
vt 0.494609 0.852714
vt 0.494609 0.927475
vt 0.494609 0.777953
vt 0.494609 0.703192
vt 0.494609 0.628431
vt 0.494609 0.553671
vt 0.494609 0.478909
vt 0.000000 0.000000
vt 1.000000 0.000000
vt 1.000000 1.000000
vt 0.000000 1.000000
vt 0.000000 0.000000
vt 1.000000 0.000000
vt 1.000000 1.000000
vt 0.000000 1.000000
vn -0.873549 0.348424 0.339872
vn -0.878662 0.351473 0.323140
vn -0.877663 0.358413 0.318196
vn -0.861432 0.358546 0.359694
vn -0.113567 -0.990550 0.076895
vn -0.809619 -0.480733 0.336768
vn -0.117709 -0.990927 0.064864
vn -0.113567 -0.990550 0.076895
vn -0.895188 -0.277184 0.349009
vn -0.889719 -0.273544 0.365479
vn -0.894938 -0.277372 0.349500
vn -0.928880 -0.053751 0.366459
vn -0.933219 -0.031058 0.357964
vn -0.893404 0.252269 0.371739
vn -0.903632 0.269601 0.332813
vn -0.894686 0.316147 0.315576
vn -0.884606 0.328986 0.330514
vn -0.884415 0.330044 0.329971
vn -0.892208 0.305249 0.332849
vn -0.919460 0.240132 0.311335
vn -0.908865 0.244105 0.338198
vn -0.941184 -0.043835 0.335039
vn -0.934238 -0.036291 0.354799
vn -0.902830 -0.273826 0.331538
vn -0.896357 -0.273407 0.348988
vn -0.817489 -0.485228 0.310266
vn -0.895422 -0.276566 0.348899
vn -0.118408 -0.988037 0.098800
vn -0.112871 -0.990648 0.076661
vn -0.112871 -0.990648 0.076661
vn -0.894333 0.341642 0.288877
vn -0.885492 0.342781 0.313697
vn -0.923046 0.253088 0.289711
vn -0.942038 -0.039862 0.333131
vn -0.897798 -0.272011 0.346366
vn -0.823777 -0.460805 0.330227
vn -0.123513 -0.989592 0.073837
vn -0.000000 0.000000 0.000000
vn -0.097597 0.995061 0.018104
vn -0.097597 0.995061 0.018104
vn -0.000000 0.000000 0.000000
vn -0.122642 0.992344 0.014585
vn -0.000000 0.000000 0.000000
vn -0.000000 0.000000 0.000000
vn -0.122642 0.992344 0.014585
s 1
g polySurface40 polySurface63
usemtl blinn2SG
f 158/173/181 185/174/182 186/175/183 170/176/184
f 162/177/185 190/178/186 191/179/187 160/180/188
f 164/181/189 189/182/190 190/178/186 162/177/191
f 166/183/192 188/184/193 189/182/190 164/181/189
f 168/185/194 187/186/195 188/184/193 166/183/192
f 170/176/184 186/175/183 187/186/195 168/185/194
f 172/187/196 171/188/197 157/189/198 169/190/199
f 173/191/200 172/187/196 169/190/199 167/192/201
f 174/193/202 173/191/200 167/192/201 165/194/203
f 175/195/204 174/193/202 165/194/203 163/196/205
f 176/197/206 175/195/204 163/196/205 161/198/207
f 177/199/208 176/197/206 161/198/209 159/200/210
f 179/201/211 178/202/212 171/188/197 172/187/196
f 180/203/213 179/201/211 172/187/196 173/191/200
f 181/204/214 180/203/213 173/191/200 174/193/202
f 182/205/215 181/204/214 174/193/202 175/195/204
f 183/206/216 182/205/215 175/195/204 176/197/206
f 184/207/217 183/206/216 176/197/206 177/199/208
f 186/175/183 185/174/182 178/202/212 179/201/211
f 187/186/195 186/175/183 179/201/211 180/203/213
f 188/184/193 187/186/195 180/203/213 181/204/214
f 189/182/190 188/184/193 181/204/214 182/205/215
f 190/178/186 189/182/190 182/205/215 183/206/216
f 191/179/187 190/178/186 183/206/216 184/207/217
s off
f 161/208/218 176/209/219 193/210/220 192/211/221
f 190/212/222 162/213/223 195/214/224 194/215/225
g default
v 11.076325 37.770260 -1.957594
v 13.092398 37.921615 1.874022
v 13.968126 29.834085 -2.307490
v 15.986176 29.986756 1.546547
v 12.666264 30.062664 -2.130876
v 14.686644 30.216062 1.721910
v 11.567364 31.194308 -1.843844
v 13.589053 31.347264 2.019564
v 11.172227 32.917952 -1.825333
v 13.180750 33.118651 2.087002
v 11.164104 34.529231 -1.992375
v 13.180045 35.031063 1.842943
v 11.110485 36.292140 -2.075335
v 13.136601 36.493563 1.709134
v 11.581494 37.808109 -1.000296
v 11.616851 36.329660 -1.130561
v 11.667964 34.567199 -1.029686
v 11.676435 32.955957 -0.861650
v 12.071953 31.232743 -0.880381
v 13.171408 30.101020 -1.167702
v 14.472636 29.872253 -1.343984
v 12.084363 37.845519 -0.056747
v 12.128114 36.417596 -0.216736
v 12.165887 34.944306 -0.078366
v 12.166627 33.029280 0.139834
v 12.545592 31.320005 0.121566
v 13.632524 30.206337 -0.129206
v 14.946192 29.944093 -0.330780
v 12.576318 37.881676 0.850422
v 12.645744 36.693783 0.684184
v 12.687835 35.181309 0.880236
v 12.673969 33.130466 1.134224
v 13.087652 31.309459 1.066155
v 14.181689 30.177730 0.758641
v 15.481658 29.948587 0.583033
v 12.666264 30.062664 -2.130876
v 13.171408 30.101020 -1.167702
v 14.181689 30.177730 0.758641
v 14.686644 30.216062 1.721910
vt 0.628933 0.927475
vt 0.561771 0.927475
vt 0.561771 0.852714
vt 0.628933 0.852714
vt 0.628933 0.553671
vt 0.561771 0.553671
vt 0.561771 0.478909
vt 0.628933 0.478909
vt 0.628933 0.628431
vt 0.561771 0.628431
vt 0.628933 0.703192
vt 0.561771 0.703192
vt 0.628933 0.777953
vt 0.561771 0.777953
vt 0.427446 0.852714
vt 0.427446 0.927475
vt 0.360284 0.927475
vt 0.360284 0.852714
vt 0.427446 0.777953
vt 0.360284 0.777953
vt 0.427446 0.703192
vt 0.360284 0.703192
vt 0.427446 0.628431
vt 0.360284 0.628431
vt 0.427446 0.553671
vt 0.360284 0.553671
vt 0.427446 0.478909
vt 0.360284 0.478909
vt 0.494609 0.852714
vt 0.494609 0.927475
vt 0.494609 0.777953
vt 0.494609 0.703192
vt 0.494609 0.628431
vt 0.494609 0.553671
vt 0.494609 0.478909
vt 0.000000 0.000000
vt 1.000000 0.000000
vt 1.000000 1.000000
vt 0.000000 1.000000
vt 0.000000 0.000000
vt 1.000000 0.000000
vt 1.000000 1.000000
vt 0.000000 1.000000
vn -0.896375 -0.093778 0.433263
vn -0.881931 -0.096255 0.461447
vn -0.883466 -0.039045 0.466865
vn -0.896807 -0.026743 0.441613
vn -0.156547 -0.980238 0.120937
vn -0.435290 -0.864293 0.252033
vn -0.162105 -0.980680 0.109490
vn -0.156547 -0.980238 0.120937
vn -0.774353 -0.469660 0.424024
vn -0.779391 -0.454651 0.431095
vn -0.622497 -0.697701 0.354558
vn -0.880647 -0.081780 0.466661
vn -0.881270 -0.065142 0.468102
vn -0.887197 0.047948 0.458893
vn -0.885632 0.043690 0.462328
vn -0.880492 -0.027438 0.473267
vn -0.876721 -0.066298 0.476408
vn -0.880322 -0.060169 0.470545
vn -0.882565 -0.027697 0.469374
vn -0.887548 0.026514 0.459952
vn -0.884941 0.019324 0.465303
vn -0.887199 -0.083228 0.453818
vn -0.881729 -0.081236 0.464709
vn -0.782957 -0.459368 0.419475
vn -0.788925 -0.438379 0.430605
vn -0.430433 -0.862591 0.265827
vn -0.624060 -0.696173 0.354812
vn -0.158621 -0.976902 0.143186
vn -0.155893 -0.980380 0.120633
vn -0.155893 -0.980380 0.120633
vn -0.875386 -0.024191 0.482818
vn -0.867451 -0.085772 0.490074
vn -0.885345 0.037212 0.463444
vn -0.886513 -0.073182 0.456881
vn -0.789136 -0.441160 0.427366
vn -0.449406 -0.850763 0.272463
vn -0.166731 -0.978790 0.119040
vn 0.000000 0.000000 0.000000
vn 0.000000 0.000000 0.000000
vn 0.000000 0.000000 0.000000
vn 0.000000 0.000000 0.000000
vn 0.000000 0.000000 0.000000
vn 0.000000 0.000000 0.000000
vn 0.000000 0.000000 0.000000
vn 0.000000 0.000000 0.000000
s 1
g polySurface40 polySurface66
usemtl blinn2SG
f 197/216/226 224/217/227 225/218/228 209/219/229
f 201/220/230 229/221/231 230/222/232 199/223/233
f 203/224/234 228/225/235 229/221/231 201/220/236
f 205/226/237 227/227/238 228/225/235 203/224/234
f 207/228/239 226/229/240 227/227/238 205/226/237
f 209/219/229 225/218/228 226/229/240 207/228/239
f 211/230/241 210/231/242 196/232/243 208/233/244
f 212/234/245 211/230/241 208/233/244 206/235/246
f 213/236/247 212/234/245 206/235/246 204/237/248
f 214/238/249 213/236/247 204/237/248 202/239/250
f 215/240/251 214/238/249 202/239/250 200/241/252
f 216/242/253 215/240/251 200/241/254 198/243/255
f 218/244/256 217/245/257 210/231/242 211/230/241
f 219/246/258 218/244/256 211/230/241 212/234/245
f 220/247/259 219/246/258 212/234/245 213/236/247
f 221/248/260 220/247/259 213/236/247 214/238/249
f 222/249/261 221/248/260 214/238/249 215/240/251
f 223/250/262 222/249/261 215/240/251 216/242/253
f 225/218/228 224/217/227 217/245/257 218/244/256
f 226/229/240 225/218/228 218/244/256 219/246/258
f 227/227/238 226/229/240 219/246/258 220/247/259
f 228/225/235 227/227/238 220/247/259 221/248/260
f 229/221/231 228/225/235 221/248/260 222/249/261
f 230/222/232 229/221/231 222/249/261 223/250/262
s off
f 200/251/263 215/252/264 232/253/265 231/254/266
f 229/255/267 201/256/268 234/257/269 233/258/270
g default
v 15.789576 37.452643 -3.724254
v 13.316075 37.354362 -2.296796
v 16.751000 29.991272 -1.560370
v 14.262756 29.892405 -0.131036
v 16.474421 32.460072 -2.461792
v 13.987002 32.361834 -1.030978
v 16.181400 33.149964 -3.209943
v 13.687081 33.050762 -1.777967
v 16.040559 34.266638 -3.518880
v 13.510546 34.195051 -2.095608
v 16.038507 35.333556 -3.574805
v 13.538352 35.464706 -2.157344
v 15.969752 36.492863 -3.662731
v 13.523941 36.430852 -2.231373
v 15.171625 37.428155 -3.366648
v 15.360063 36.469035 -3.304671
v 15.416982 35.308747 -3.217918
v 15.418388 34.241798 -3.161738
v 15.559354 33.125429 -2.852569
v 15.852582 32.435520 -2.104057
v 16.128941 29.966554 -1.203037
v 14.562663 37.404230 -3.010919
v 14.767298 36.480465 -2.945665
v 14.779327 35.506773 -2.874939
v 14.768655 34.237147 -2.813807
v 14.907952 33.129393 -2.515923
v 15.289110 30.079173 -1.732762
v 15.471224 29.959656 -0.865699
v 13.977371 37.381606 -2.663330
v 14.170136 36.616322 -2.588194
v 14.147164 35.613209 -2.511939
v 14.122062 34.251739 -2.455571
v 14.302572 33.075132 -2.132986
v 14.608908 32.386414 -1.388592
v 14.884820 29.917119 -0.488374
v 16.587864 30.090747 -2.419374
v 15.966024 30.066196 -2.061640
v 14.722350 30.017089 -1.346175
v 14.100444 29.992510 -0.988560
vt 0.628933 0.927475
vt 0.561771 0.927475
vt 0.561771 0.852714
vt 0.628933 0.852714
vt 0.628933 0.553671
vt 0.561771 0.553671
vt 0.561771 0.478909
vt 0.628933 0.478909
vt 0.628933 0.628431
vt 0.561771 0.628431
vt 0.628933 0.703192
vt 0.561771 0.703192
vt 0.628933 0.777953
vt 0.561771 0.777953
vt 0.427446 0.852714
vt 0.427446 0.927475
vt 0.360284 0.927475
vt 0.360284 0.852714
vt 0.427446 0.777953
vt 0.360284 0.777953
vt 0.427446 0.703192
vt 0.360284 0.703192
vt 0.427446 0.628431
vt 0.360284 0.628431
vt 0.427446 0.553671
vt 0.360284 0.553671
vt 0.427446 0.478909
vt 0.360284 0.478909
vt 0.494609 0.852714
vt 0.494609 0.927475
vt 0.494609 0.777953
vt 0.494609 0.703192
vt 0.494609 0.628431
vt 0.494609 0.553671
vt 0.494609 0.478909
vt 0.000000 0.000000
vt 1.000000 0.000000
vt 1.000000 1.000000
vt 0.000000 1.000000
vt 0.000000 0.000000
vt 1.000000 0.000000
vt 1.000000 1.000000
vt 0.000000 1.000000
vn -0.453551 -0.180240 -0.872814
vn -0.480768 -0.184918 -0.857128
vn -0.492199 -0.128727 -0.860912
vn -0.468882 -0.114543 -0.875802
vn -0.456475 -0.349266 -0.818318
vn -0.681609 -0.424805 -0.595777
vn -0.666570 -0.381310 -0.640536
vn -0.456475 -0.349266 -0.818318
vn -0.400693 -0.546436 -0.735427
vn -0.647160 -0.406784 -0.644756
vn -0.302569 -0.758284 -0.577458
vn -0.487415 -0.171024 -0.856258
vn -0.490613 -0.154672 -0.857540
vn -0.493531 -0.041655 -0.868730
vn -0.496441 -0.046167 -0.866842
vn -0.499667 -0.117720 -0.858181
vn -0.498578 -0.156463 -0.852608
vn -0.493526 -0.149943 -0.856708
vn -0.495847 -0.117675 -0.860400
vn -0.492349 -0.063081 -0.868109
vn -0.496818 -0.070653 -0.864974
vn -0.474742 -0.171446 -0.863265
vn -0.485573 -0.170327 -0.857442
vn -0.205050 -0.435571 -0.876489
vn -0.411007 -0.516804 -0.750990
vn -0.124076 -0.437157 -0.890786
vn -0.303037 -0.756867 -0.579069
vn -0.065672 -0.443627 -0.893802
vn -0.456452 -0.349755 -0.818122
vn -0.456452 -0.349755 -0.818122
vn -0.509314 -0.115237 -0.852830
vn -0.509776 -0.176769 -0.841951
vn -0.496860 -0.052706 -0.866229
vn -0.478813 -0.161749 -0.862888
vn -0.439536 -0.363806 -0.821251
vn -0.381776 -0.533575 -0.754681
vn -0.543555 -0.536790 -0.645294
vn 0.497104 0.039319 0.866800
vn 0.497104 0.039319 0.866800
vn 0.497104 0.039319 0.866800
vn 0.497104 0.039319 0.866800
vn 0.496936 0.039313 0.866896
vn 0.496936 0.039313 0.866896
vn 0.496936 0.039313 0.866896
vn 0.496936 0.039313 0.866896
s 1
g polySurface40 polySurface60
usemtl blinn2SG
f 236/259/271 263/260/272 264/261/273 248/262/274
f 240/263/275 268/264/276 269/265/277 238/266/278
f 242/267/279 267/268/280 268/264/276 240/263/281
f 244/269/282 266/270/283 267/268/280 242/267/279
f 246/271/284 265/272/285 266/270/283 244/269/282
f 248/262/274 264/261/273 265/272/285 246/271/284
f 250/273/286 249/274/287 235/275/288 247/276/289
f 251/277/290 250/273/286 247/276/289 245/278/291
f 252/279/292 251/277/290 245/278/291 243/280/293
f 253/281/294 252/279/292 243/280/293 241/282/295
f 254/283/296 253/281/294 241/282/295 239/284/297
f 255/285/298 254/283/296 239/284/299 237/286/300
f 257/287/301 256/288/302 249/274/287 250/273/286
f 258/289/303 257/287/301 250/273/286 251/277/290
f 259/290/304 258/289/303 251/277/290 252/279/292
f 260/291/305 259/290/304 252/279/292 253/281/294
f 261/292/306 260/291/305 253/281/294 254/283/296
f 262/293/307 261/292/306 254/283/296 255/285/298
f 264/261/273 263/260/272 256/288/302 257/287/301
f 265/272/285 264/261/273 257/287/301 258/289/303
f 266/270/283 265/272/285 258/289/303 259/290/304
f 267/268/280 266/270/283 259/290/304 260/291/305
f 268/264/276 267/268/280 260/291/305 261/292/306
f 269/265/277 268/264/276 261/292/306 262/293/307
s off
f 239/294/308 254/295/309 271/296/310 270/297/311
f 268/298/312 240/299/313 273/300/314 272/301/315
g default
v 12.561609 36.969209 -1.904990
v 13.853231 37.071235 0.641932
v 14.961255 29.892837 -2.272208
v 16.253956 29.995271 0.289540
v 14.092186 29.975868 -2.161650
v 15.386392 30.078926 0.399314
v 13.214282 32.668288 -1.989922
v 14.509295 32.770856 0.578042
v 12.867615 33.781563 -1.938175
v 14.151226 33.913663 0.663111
v 12.782471 34.844254 -2.008089
v 14.056368 35.176526 0.550026
v 12.659190 36.002324 -2.019207
v 13.955233 36.138911 0.497984
v 12.885276 36.994788 -1.268648
v 12.983747 36.028066 -1.391117
v 13.105231 34.869720 -1.368205
v 13.190597 33.807049 -1.297631
v 13.537495 32.694077 -1.349510
v 14.415768 30.001639 -1.521423
v 15.284430 29.918445 -1.631775
v 13.207547 37.020317 -0.641401
v 13.309210 36.087934 -0.782121
v 13.407125 35.118069 -0.727392
v 13.502320 33.854130 -0.631414
v 13.837624 32.749511 -0.682787
v 14.706497 30.067433 -0.830272
v 15.585200 29.963461 -0.958018
v 13.522959 37.045392 -0.038255
v 13.629492 36.272152 -0.176872
v 13.731810 35.275315 -0.085068
v 13.823972 33.920527 0.030975
v 14.188078 32.745383 -0.055703
v 15.062932 30.053180 -0.240973
v 15.930776 29.969660 -0.350900
v 14.092186 29.975868 -2.161650
v 14.415768 30.001639 -1.521423
v 15.062932 30.053180 -0.240973
v 15.386392 30.078926 0.399314
vt 0.628933 0.927475
vt 0.561771 0.927475
vt 0.561771 0.852714
vt 0.628933 0.852714
vt 0.628933 0.553671
vt 0.561771 0.553671
vt 0.561771 0.478909
vt 0.628933 0.478909
vt 0.628933 0.628431
vt 0.561771 0.628431
vt 0.628933 0.703192
vt 0.561771 0.703192
vt 0.628933 0.777953
vt 0.561771 0.777953
vt 0.427446 0.852714
vt 0.427446 0.927475
vt 0.360284 0.927475
vt 0.360284 0.852714
vt 0.427446 0.777953
vt 0.360284 0.777953
vt 0.427446 0.703192
vt 0.360284 0.703192
vt 0.427446 0.628431
vt 0.360284 0.628431
vt 0.427446 0.553671
vt 0.360284 0.553671
vt 0.427446 0.478909
vt 0.360284 0.478909
vt 0.494609 0.852714
vt 0.494609 0.927475
vt 0.494609 0.777953
vt 0.494609 0.703192
vt 0.494609 0.628431
vt 0.494609 0.553671
vt 0.494609 0.478909
vt 0.000000 0.000000
vt 1.000000 0.000000
vt 1.000000 1.000000
vt 0.000000 1.000000
vt 0.000000 0.000000
vt 1.000000 0.000000
vt 1.000000 1.000000
vt 0.000000 1.000000
vn -0.891142 -0.178094 0.417310
vn -0.876852 -0.180559 0.445566
vn -0.882796 -0.123903 0.453123
vn -0.896765 -0.111685 0.428181
vn -0.085165 -0.992919 0.082816
vn -0.747607 -0.521294 0.411505
vn -0.090551 -0.993337 0.071290
vn -0.085165 -0.992919 0.082816
vn -0.845817 -0.302378 0.439501
vn -0.838995 -0.298446 0.454992
vn -0.844868 -0.304643 0.439762
vn -0.876728 -0.166254 0.451339
vn -0.878632 -0.149780 0.453400
vn -0.893055 -0.037204 0.448406
vn -0.891208 -0.041463 0.451697
vn -0.880780 -0.112369 0.459999
vn -0.874097 -0.150913 0.461714
vn -0.878091 -0.144855 0.456042
vn -0.882787 -0.112633 0.456071
vn -0.891784 -0.058632 0.448646
vn -0.888693 -0.065807 0.453755
vn -0.883014 -0.167692 0.438366
vn -0.877829 -0.165712 0.449395
vn -0.855264 -0.298847 0.423337
vn -0.847184 -0.298222 0.439707
vn -0.757249 -0.525821 0.387410
vn -0.845460 -0.303762 0.439234
vn -0.087710 -0.990584 0.105123
vn -0.084498 -0.993002 0.082511
vn -0.084498 -0.993002 0.082511
vn -0.876038 -0.109118 0.469734
vn -0.863519 -0.170133 0.474752
vn -0.890439 -0.047940 0.452570
vn -0.883128 -0.157749 0.441815
vn -0.849024 -0.296741 0.437153
vn -0.763484 -0.500415 0.408260
vn -0.095398 -0.992152 0.080835
vn 0.000000 0.000000 0.000000
vn 0.000000 0.000000 0.000000
vn 0.000000 0.000000 0.000000
vn 0.000000 0.000000 0.000000
vn 0.000000 0.000000 0.000000
vn 0.000000 0.000000 0.000000
vn 0.000000 0.000000 0.000000
vn 0.000000 0.000000 0.000000
s 1
g polySurface40 polySurface62
usemtl blinn2SG
f 275/302/316 302/303/317 303/304/318 287/305/319
f 279/306/320 307/307/321 308/308/322 277/309/323
f 281/310/324 306/311/325 307/307/321 279/306/326
f 283/312/327 305/313/328 306/311/325 281/310/324
f 285/314/329 304/315/330 305/313/328 283/312/327
f 287/305/319 303/304/318 304/315/330 285/314/329
f 289/316/331 288/317/332 274/318/333 286/319/334
f 290/320/335 289/316/331 286/319/334 284/321/336
f 291/322/337 290/320/335 284/321/336 282/323/338
f 292/324/339 291/322/337 282/323/338 280/325/340
f 293/326/341 292/324/339 280/325/340 278/327/342
f 294/328/343 293/326/341 278/327/344 276/329/345
f 296/330/346 295/331/347 288/317/332 289/316/331
f 297/332/348 296/330/346 289/316/331 290/320/335
f 298/333/349 297/332/348 290/320/335 291/322/337
f 299/334/350 298/333/349 291/322/337 292/324/339
f 300/335/351 299/334/350 292/324/339 293/326/341
f 301/336/352 300/335/351 293/326/341 294/328/343
f 303/304/318 302/303/317 295/331/347 296/330/346
f 304/315/330 303/304/318 296/330/346 297/332/348
f 305/313/328 304/315/330 297/332/348 298/333/349
f 306/311/325 305/313/328 298/333/349 299/334/350
f 307/307/321 306/311/325 299/334/350 300/335/351
f 308/308/322 307/307/321 300/335/351 301/336/352
s off
f 278/337/353 293/338/354 310/339/355 309/340/356
f 307/341/357 279/342/358 312/343/359 311/344/360
g default
v 17.662660 37.479324 -0.502598
v 16.448367 37.369510 -3.086963
v 15.946375 29.992171 0.063452
v 14.731440 29.882144 -2.535771
v 16.806692 30.154436 -0.025561
v 15.590176 30.044910 -2.624066
v 17.418964 33.141058 -0.276443
v 16.201909 33.030727 -2.881945
v 17.659815 34.280045 -0.359702
v 16.452360 34.199051 -2.999263
v 17.641418 35.347769 -0.326928
v 16.423253 35.468314 -2.930524
v 17.653765 36.512029 -0.355350
v 16.430853 36.437180 -2.911427
v 17.358311 37.451887 -1.148326
v 17.348255 36.484939 -0.992866
v 17.338092 35.320181 -0.976164
v 17.356290 34.252432 -1.009606
v 17.115174 33.113727 -0.926234
v 16.502531 30.127057 -0.675175
v 15.642642 29.964664 -0.586350
v 17.055065 37.424837 -1.784927
v 17.037998 36.492376 -1.612603
v 17.034395 35.516286 -1.634015
v 17.062729 34.246503 -1.685635
v 16.832369 33.117203 -1.602754
v 16.228869 30.140903 -1.376217
v 15.360412 29.957475 -1.269528
v 16.757929 37.398822 -2.397242
v 16.720968 36.624134 -2.233066
v 16.716719 35.619522 -2.290636
v 16.757331 34.258966 -2.358841
v 16.503894 33.057955 -2.238885
v 15.894211 30.072303 -1.974397
v 15.035178 29.909654 -1.885962
v 16.806692 30.154436 -0.025561
v 16.502531 30.127057 -0.675175
v 15.894211 30.072304 -1.974397
v 15.590176 30.044910 -2.624066
vt 0.628933 0.927475
vt 0.561771 0.927475
vt 0.561771 0.852714
vt 0.628933 0.852714
vt 0.628933 0.553671
vt 0.561771 0.553671
vt 0.561771 0.478909
vt 0.628933 0.478909
vt 0.628933 0.628431
vt 0.561771 0.628431
vt 0.628933 0.703192
vt 0.561771 0.703192
vt 0.628933 0.777953
vt 0.561771 0.777953
vt 0.427446 0.852714
vt 0.427446 0.927475
vt 0.360284 0.927475
vt 0.360284 0.852714
vt 0.427446 0.777953
vt 0.360284 0.777953
vt 0.427446 0.703192
vt 0.360284 0.703192
vt 0.427446 0.628431
vt 0.360284 0.628431
vt 0.427446 0.553671
vt 0.360284 0.553671
vt 0.427446 0.478909
vt 0.360284 0.478909
vt 0.494609 0.852714
vt 0.494609 0.927475
vt 0.494609 0.777953
vt 0.494609 0.703192
vt 0.494609 0.628431
vt 0.494609 0.553671
vt 0.494609 0.478909
vt 0.000000 0.000000
vt 1.000000 0.000000
vt 1.000000 1.000000
vt 0.000000 1.000000
vt 0.000000 0.000000
vt 1.000000 0.000000
vt 1.000000 1.000000
vt 0.000000 1.000000
vn 0.916774 -0.105897 -0.385113
vn 0.903683 -0.110690 -0.413649
vn 0.904456 -0.054018 -0.423133
vn 0.916407 -0.039666 -0.398278
vn 0.181638 -0.982405 -0.043446
vn 0.818596 -0.431696 -0.378866
vn 0.186670 -0.981909 -0.031769
vn 0.181638 -0.982405 -0.043446
vn 0.886976 -0.220290 -0.405890
vn 0.879916 -0.217856 -0.422240
vn 0.887346 -0.217085 -0.406807
vn 0.902385 -0.096669 -0.419949
vn 0.902779 -0.080169 -0.422566
vn 0.906284 0.033377 -0.421350
vn 0.904953 0.028850 -0.424533
vn 0.901573 -0.042972 -0.430486
vn 0.898638 -0.082015 -0.430957
vn 0.901858 -0.075411 -0.425401
vn 0.903471 -0.042908 -0.426496
vn 0.907060 0.011930 -0.420831
vn 0.904828 0.004320 -0.425755
vn 0.908365 -0.097051 -0.406760
vn 0.903367 -0.095959 -0.417996
vn 0.895694 -0.215425 -0.389004
vn 0.887796 -0.216584 -0.406090
vn 0.828877 -0.434466 -0.352423
vn 0.887806 -0.216198 -0.406275
vn 0.184653 -0.980602 -0.065748
vn 0.180974 -0.982540 -0.043162
vn 0.180974 -0.982540 -0.043162
vn 0.896854 -0.040528 -0.440467
vn 0.890350 -0.102598 -0.443565
vn 0.904831 0.022302 -0.425187
vn 0.907643 -0.087268 -0.410572
vn 0.889325 -0.214978 -0.403590
vn 0.831775 -0.410010 -0.374223
vn 0.191681 -0.980592 -0.041214
vn 0.000000 0.000000 -0.000000
vn 0.894427 0.000000 -0.447214
vn 0.894427 0.000000 -0.447214
vn 0.000000 0.000000 -0.000000
vn 0.912924 0.000000 -0.408129
vn 0.000000 0.000000 -0.000000
vn 0.000000 0.000000 -0.000000
vn 0.912924 0.000000 -0.408129
s 1
g polySurface40 polySurface61
usemtl blinn2SG
f 314/345/361 341/346/362 342/347/363 326/348/364
f 318/349/365 346/350/366 347/351/367 316/352/368
f 320/353/369 345/354/370 346/350/366 318/349/371
f 322/355/372 344/356/373 345/354/370 320/353/369
f 324/357/374 343/358/375 344/356/373 322/355/372
f 326/348/364 342/347/363 343/358/375 324/357/374
f 328/359/376 327/360/377 313/361/378 325/362/379
f 329/363/380 328/359/376 325/362/379 323/364/381
f 330/365/382 329/363/380 323/364/381 321/366/383
f 331/367/384 330/365/382 321/366/383 319/368/385
f 332/369/386 331/367/384 319/368/385 317/370/387
f 333/371/388 332/369/386 317/370/389 315/372/390
f 335/373/391 334/374/392 327/360/377 328/359/376
f 336/375/393 335/373/391 328/359/376 329/363/380
f 337/376/394 336/375/393 329/363/380 330/365/382
f 338/377/395 337/376/394 330/365/382 331/367/384
f 339/378/396 338/377/395 331/367/384 332/369/386
f 340/379/397 339/378/396 332/369/386 333/371/388
f 342/347/363 341/346/362 334/374/392 335/373/391
f 343/358/375 342/347/363 335/373/391 336/375/393
f 344/356/373 343/358/375 336/375/393 337/376/394
f 345/354/370 344/356/373 337/376/394 338/377/395
f 346/350/366 345/354/370 338/377/395 339/378/396
f 347/351/367 346/350/366 339/378/396 340/379/397
s off
f 317/380/398 332/381/399 349/382/400 348/383/401
f 346/384/402 318/385/403 351/386/404 350/387/405
g default
v 0.634295 36.745889 -2.669952
v -1.839207 36.647608 -1.242493
v 1.595718 29.284517 -0.506067
v -0.892525 29.185650 0.923267
v 1.319139 31.753317 -1.407489
v -1.168280 31.655080 0.023325
v 1.026118 32.443210 -2.155641
v -1.468201 32.344007 -0.723664
v 0.885277 33.559883 -2.464578
v -1.644735 33.488297 -1.041305
v 0.883226 34.626801 -2.520503
v -1.616930 34.757951 -1.103042
v 0.814470 35.786108 -2.608429
v -1.631341 35.724097 -1.177071
v 0.016343 36.721400 -2.312346
v 0.204781 35.762281 -2.250368
v 0.261701 34.601993 -2.163615
v 0.263106 33.535043 -2.107436
v 0.404072 32.418674 -1.798266
v 0.697300 31.728766 -1.049755
v 0.973659 29.259800 -0.148734
v -0.592619 36.697475 -1.956617
v -0.387983 35.773710 -1.891363
v -0.375954 34.800019 -1.820636
v -0.386627 33.530392 -1.759504
v -0.247330 32.422638 -1.461620
v 0.133828 29.372419 -0.678460
v 0.315942 29.252902 0.188604
v -1.177911 36.674851 -1.609027
v -0.985146 35.909568 -1.533892
v -1.008118 34.906454 -1.457636
v -1.033219 33.544984 -1.401268
v -0.852710 32.368377 -1.078683
v -0.546374 31.679660 -0.334290
v -0.270462 29.210364 0.565929
v 1.432582 29.383992 -1.365072
v 0.810743 29.359441 -1.007337
v -0.432931 29.310335 -0.291872
v -1.054837 29.285755 0.065742
vt 0.628933 0.927475
vt 0.561771 0.927475
vt 0.561771 0.852714
vt 0.628933 0.852714
vt 0.628933 0.553671
vt 0.561771 0.553671
vt 0.561771 0.478909
vt 0.628933 0.478909
vt 0.628933 0.628431
vt 0.561771 0.628431
vt 0.628933 0.703192
vt 0.561771 0.703192
vt 0.628933 0.777953
vt 0.561771 0.777953
vt 0.427446 0.852714
vt 0.427446 0.927475
vt 0.360284 0.927475
vt 0.360284 0.852714
vt 0.427446 0.777953
vt 0.360284 0.777953
vt 0.427446 0.703192
vt 0.360284 0.703192
vt 0.427446 0.628431
vt 0.360284 0.628431
vt 0.427446 0.553671
vt 0.360284 0.553671
vt 0.427446 0.478909
vt 0.360284 0.478909
vt 0.494609 0.852714
vt 0.494609 0.927475
vt 0.494609 0.777953
vt 0.494609 0.703192
vt 0.494609 0.628431
vt 0.494609 0.553671
vt 0.494609 0.478909
vt 0.000000 0.000000
vt 1.000000 0.000000
vt 1.000000 1.000000
vt 0.000000 1.000000
vt 0.000000 0.000000
vt 1.000000 0.000000
vt 1.000000 1.000000
vt 0.000000 1.000000
vn -0.453551 -0.180240 -0.872814
vn -0.480768 -0.184918 -0.857128
vn -0.492199 -0.128727 -0.860912
vn -0.468882 -0.114543 -0.875802
vn -0.456475 -0.349266 -0.818318
vn -0.681609 -0.424805 -0.595777
vn -0.666570 -0.381310 -0.640536
vn -0.456475 -0.349266 -0.818318
vn -0.400693 -0.546436 -0.735427
vn -0.647160 -0.406784 -0.644756
vn -0.302569 -0.758284 -0.577458
vn -0.487415 -0.171024 -0.856258
vn -0.490613 -0.154672 -0.857540
vn -0.493531 -0.041655 -0.868730
vn -0.496441 -0.046167 -0.866842
vn -0.499667 -0.117720 -0.858181
vn -0.498578 -0.156463 -0.852608
vn -0.493526 -0.149943 -0.856708
vn -0.495847 -0.117675 -0.860400
vn -0.492349 -0.063081 -0.868109
vn -0.496818 -0.070653 -0.864974
vn -0.474742 -0.171446 -0.863265
vn -0.485573 -0.170327 -0.857442
vn -0.205050 -0.435571 -0.876489
vn -0.411007 -0.516804 -0.750990
vn -0.124076 -0.437157 -0.890786
vn -0.303037 -0.756867 -0.579069
vn -0.065672 -0.443627 -0.893802
vn -0.456452 -0.349755 -0.818122
vn -0.456452 -0.349755 -0.818122
vn -0.509314 -0.115237 -0.852830
vn -0.509776 -0.176769 -0.841951
vn -0.496860 -0.052706 -0.866229
vn -0.478813 -0.161749 -0.862888
vn -0.439536 -0.363806 -0.821251
vn -0.381776 -0.533575 -0.754681
vn -0.543555 -0.536790 -0.645294
vn 0.497104 0.039319 0.866800
vn 0.497104 0.039319 0.866800
vn 0.497104 0.039319 0.866800
vn 0.497104 0.039319 0.866800
vn 0.496936 0.039313 0.866896
vn 0.496936 0.039313 0.866896
vn 0.496936 0.039313 0.866896
vn 0.496936 0.039313 0.866896
s 1
g polySurface40 polySurface56
usemtl blinn1SG
f 353/388/406 380/389/407 381/390/408 365/391/409
f 357/392/410 385/393/411 386/394/412 355/395/413
f 359/396/414 384/397/415 385/393/411 357/392/416
f 361/398/417 383/399/418 384/397/415 359/396/414
f 363/400/419 382/401/420 383/399/418 361/398/417
f 365/391/409 381/390/408 382/401/420 363/400/419
f 367/402/421 366/403/422 352/404/423 364/405/424
f 368/406/425 367/402/421 364/405/424 362/407/426
f 369/408/427 368/406/425 362/407/426 360/409/428
f 370/410/429 369/408/427 360/409/428 358/411/430
f 371/412/431 370/410/429 358/411/430 356/413/432
f 372/414/433 371/412/431 356/413/434 354/415/435
f 374/416/436 373/417/437 366/403/422 367/402/421
f 375/418/438 374/416/436 367/402/421 368/406/425
f 376/419/439 375/418/438 368/406/425 369/408/427
f 377/420/440 376/419/439 369/408/427 370/410/429
f 378/421/441 377/420/440 370/410/429 371/412/431
f 379/422/442 378/421/441 371/412/431 372/414/433
f 381/390/408 380/389/407 373/417/437 374/416/436
f 382/401/420 381/390/408 374/416/436 375/418/438
f 383/399/418 382/401/420 375/418/438 376/419/439
f 384/397/415 383/399/418 376/419/439 377/420/440
f 385/393/411 384/397/415 377/420/440 378/421/441
f 386/394/412 385/393/411 378/421/441 379/422/442
s off
f 356/423/443 371/424/444 388/425/445 387/426/446
f 385/427/447 357/428/448 390/429/449 389/430/450
g default
v 2.507378 36.772570 0.551704
v 1.293085 36.662756 -2.032661
v 0.791093 29.285417 1.117754
v -0.423841 29.175389 -1.481468
v 1.651410 29.447681 1.028741
v 0.434895 29.338155 -1.569763
v 2.263682 32.434304 0.777859
v 1.046628 32.323973 -1.827642
v 2.504533 33.573291 0.694601
v 1.297079 33.492297 -1.944961
v 2.486136 34.641014 0.727374
v 1.267971 34.761559 -1.876221
v 2.498483 35.805274 0.698952
v 1.275572 35.730425 -1.857124
v 2.203029 36.745132 -0.094024
v 2.192973 35.778184 0.061436
v 2.182810 34.613426 0.078139
v 2.201008 33.545677 0.044697
v 1.959892 32.406973 0.128068
v 1.347249 29.420302 0.379128
v 0.487360 29.257910 0.467952
v 1.899783 36.718083 -0.730625
v 1.882716 35.785621 -0.558300
v 1.879113 34.809531 -0.579712
v 1.907447 33.539748 -0.631333
v 1.677087 32.410448 -0.548452
v 1.073588 29.434148 -0.321915
v 0.205130 29.250721 -0.215225
v 1.602647 36.692068 -1.342940
v 1.565686 35.917379 -1.178764
v 1.561437 34.912767 -1.236333
v 1.602049 33.552212 -1.304539
v 1.348613 32.351200 -1.184582
v 0.738929 29.365549 -0.920095
v -0.120104 29.202899 -0.831660
v 1.651410 29.447681 1.028741
v 1.347249 29.420303 0.379128
v 0.738929 29.365549 -0.920095
v 0.434895 29.338155 -1.569763
vt 0.628933 0.927475
vt 0.561771 0.927475
vt 0.561771 0.852714
vt 0.628933 0.852714
vt 0.628933 0.553671
vt 0.561771 0.553671
vt 0.561771 0.478909
vt 0.628933 0.478909
vt 0.628933 0.628431
vt 0.561771 0.628431
vt 0.628933 0.703192
vt 0.561771 0.703192
vt 0.628933 0.777953
vt 0.561771 0.777953
vt 0.427446 0.852714
vt 0.427446 0.927475
vt 0.360284 0.927475
vt 0.360284 0.852714
vt 0.427446 0.777953
vt 0.360284 0.777953
vt 0.427446 0.703192
vt 0.360284 0.703192
vt 0.427446 0.628431
vt 0.360284 0.628431
vt 0.427446 0.553671
vt 0.360284 0.553671
vt 0.427446 0.478909
vt 0.360284 0.478909
vt 0.494609 0.852714
vt 0.494609 0.927475
vt 0.494609 0.777953
vt 0.494609 0.703192
vt 0.494609 0.628431
vt 0.494609 0.553671
vt 0.494609 0.478909
vt 0.000000 0.000000
vt 1.000000 0.000000
vt 1.000000 1.000000
vt 0.000000 1.000000
vt 0.000000 0.000000
vt 1.000000 0.000000
vt 1.000000 1.000000
vt 0.000000 1.000000
vn 0.916774 -0.105897 -0.385113
vn 0.903683 -0.110690 -0.413649
vn 0.904456 -0.054018 -0.423133
vn 0.916407 -0.039666 -0.398278
vn 0.181638 -0.982405 -0.043446
vn 0.818596 -0.431696 -0.378866
vn 0.186670 -0.981909 -0.031769
vn 0.181638 -0.982405 -0.043446
vn 0.886976 -0.220290 -0.405890
vn 0.879916 -0.217856 -0.422240
vn 0.887346 -0.217085 -0.406807
vn 0.902385 -0.096669 -0.419949
vn 0.902779 -0.080169 -0.422566
vn 0.906284 0.033377 -0.421350
vn 0.904953 0.028850 -0.424533
vn 0.901573 -0.042972 -0.430486
vn 0.898638 -0.082015 -0.430957
vn 0.901858 -0.075411 -0.425401
vn 0.903471 -0.042908 -0.426496
vn 0.907060 0.011930 -0.420831
vn 0.904828 0.004320 -0.425755
vn 0.908365 -0.097051 -0.406760
vn 0.903367 -0.095959 -0.417996
vn 0.895694 -0.215425 -0.389004
vn 0.887796 -0.216584 -0.406090
vn 0.828877 -0.434466 -0.352423
vn 0.887806 -0.216198 -0.406275
vn 0.184653 -0.980602 -0.065748
vn 0.180974 -0.982540 -0.043162
vn 0.180974 -0.982540 -0.043162
vn 0.896854 -0.040528 -0.440467
vn 0.890350 -0.102598 -0.443565
vn 0.904831 0.022302 -0.425187
vn 0.907643 -0.087268 -0.410572
vn 0.889325 -0.214978 -0.403590
vn 0.831775 -0.410010 -0.374223
vn 0.191681 -0.980592 -0.041214
vn 0.000000 0.000000 -0.000000
vn 0.894427 0.000000 -0.447214
vn 0.894427 0.000000 -0.447214
vn 0.000000 0.000000 -0.000000
vn 0.912924 0.000000 -0.408129
vn 0.000000 0.000000 -0.000000
vn 0.000000 0.000000 -0.000000
vn 0.912924 0.000000 -0.408129
s 1
g polySurface40 polySurface55
usemtl blinn1SG
f 392/431/451 419/432/452 420/433/453 404/434/454
f 396/435/455 424/436/456 425/437/457 394/438/458
f 398/439/459 423/440/460 424/436/456 396/435/461
f 400/441/462 422/442/463 423/440/460 398/439/459
f 402/443/464 421/444/465 422/442/463 400/441/462
f 404/434/454 420/433/453 421/444/465 402/443/464
f 406/445/466 405/446/467 391/447/468 403/448/469
f 407/449/470 406/445/466 403/448/469 401/450/471
f 408/451/472 407/449/470 401/450/471 399/452/473
f 409/453/474 408/451/472 399/452/473 397/454/475
f 410/455/476 409/453/474 397/454/475 395/456/477
f 411/457/478 410/455/476 395/456/479 393/458/480
f 413/459/481 412/460/482 405/446/467 406/445/466
f 414/461/483 413/459/481 406/445/466 407/449/470
f 415/462/484 414/461/483 407/449/470 408/451/472
f 416/463/485 415/462/484 408/451/472 409/453/474
f 417/464/486 416/463/485 409/453/474 410/455/476
f 418/465/487 417/464/486 410/455/476 411/457/478
f 420/433/453 419/432/452 412/460/482 413/459/481
f 421/444/465 420/433/453 413/459/481 414/461/483
f 422/442/463 421/444/465 414/461/483 415/462/484
f 423/440/460 422/442/463 415/462/484 416/463/485
f 424/436/456 423/440/460 416/463/485 417/464/486
f 425/437/457 424/436/456 417/464/486 418/465/487
s off
f 395/466/488 410/467/489 427/468/490 426/469/491
f 424/470/492 396/471/493 429/472/494 428/473/495
g default
v -2.593673 36.262454 -0.850688
v -1.302051 36.364480 1.696235
v -0.194027 29.186082 -1.217906
v 1.098674 29.288516 1.343843
v -1.063095 29.269114 -1.107347
v 0.231110 29.372171 1.453616
v -1.940999 31.961533 -0.935620
v -0.645986 32.064101 1.632345
v -2.287666 33.074809 -0.883873
v -1.004055 33.206909 1.717413
v -2.372811 34.137499 -0.953787
v -1.098913 34.469772 1.604329
v -2.496091 35.295569 -0.964904
v -1.200049 35.432157 1.552287
v -2.270006 36.288033 -0.214346
v -2.171535 35.321311 -0.336814
v -2.050050 34.162966 -0.313903
v -1.964684 33.100294 -0.243329
v -1.617787 31.987322 -0.295207
v -0.739513 29.294884 -0.467121
v 0.129149 29.211690 -0.577472
v -1.947735 36.313563 0.412902
v -1.846072 35.381179 0.272182
v -1.748157 34.411314 0.326910
v -1.652962 33.147376 0.422888
v -1.317658 32.042756 0.371515
v -0.448785 29.360679 0.224031
v 0.429919 29.256706 0.096284
v -1.632322 36.338638 1.016047
v -1.525790 35.565397 0.877431
v -1.423472 34.568561 0.969235
v -1.331310 33.213772 1.085278
v -0.967204 32.038629 0.998599
v -0.092350 29.346426 0.813330
v 0.775494 29.262905 0.703403
v -1.063095 29.269114 -1.107347
v -0.739513 29.294884 -0.467121
v -0.092350 29.346426 0.813330
v 0.231110 29.372171 1.453616
vt 0.628933 0.927475
vt 0.561771 0.927475
vt 0.561771 0.852714
vt 0.628933 0.852714
vt 0.628933 0.553671
vt 0.561771 0.553671
vt 0.561771 0.478909
vt 0.628933 0.478909
vt 0.628933 0.628431
vt 0.561771 0.628431
vt 0.628933 0.703192
vt 0.561771 0.703192
vt 0.628933 0.777953
vt 0.561771 0.777953
vt 0.427446 0.852714
vt 0.427446 0.927475
vt 0.360284 0.927475
vt 0.360284 0.852714
vt 0.427446 0.777953
vt 0.360284 0.777953
vt 0.427446 0.703192
vt 0.360284 0.703192
vt 0.427446 0.628431
vt 0.360284 0.628431
vt 0.427446 0.553671
vt 0.360284 0.553671
vt 0.427446 0.478909
vt 0.360284 0.478909
vt 0.494609 0.852714
vt 0.494609 0.927475
vt 0.494609 0.777953
vt 0.494609 0.703192
vt 0.494609 0.628431
vt 0.494609 0.553671
vt 0.494609 0.478909
vt 0.000000 0.000000
vt 1.000000 0.000000
vt 1.000000 1.000000
vt 0.000000 1.000000
vt 0.000000 0.000000
vt 1.000000 0.000000
vt 1.000000 1.000000
vt 0.000000 1.000000
vn -0.891142 -0.178094 0.417310
vn -0.876852 -0.180559 0.445566
vn -0.882796 -0.123903 0.453123
vn -0.896765 -0.111685 0.428181
vn -0.085165 -0.992919 0.082816
vn -0.747607 -0.521294 0.411505
vn -0.090551 -0.993337 0.071290
vn -0.085165 -0.992919 0.082816
vn -0.845817 -0.302378 0.439501
vn -0.838995 -0.298446 0.454992
vn -0.844868 -0.304643 0.439762
vn -0.876728 -0.166254 0.451339
vn -0.878632 -0.149780 0.453400
vn -0.893055 -0.037204 0.448406
vn -0.891208 -0.041463 0.451697
vn -0.880780 -0.112369 0.459999
vn -0.874097 -0.150913 0.461714
vn -0.878091 -0.144855 0.456042
vn -0.882787 -0.112633 0.456071
vn -0.891784 -0.058632 0.448646
vn -0.888693 -0.065807 0.453755
vn -0.883014 -0.167692 0.438366
vn -0.877829 -0.165712 0.449395
vn -0.855264 -0.298847 0.423337
vn -0.847184 -0.298222 0.439707
vn -0.757249 -0.525821 0.387410
vn -0.845460 -0.303762 0.439234
vn -0.087710 -0.990584 0.105123
vn -0.084498 -0.993002 0.082511
vn -0.084498 -0.993002 0.082511
vn -0.876038 -0.109118 0.469734
vn -0.863519 -0.170133 0.474752
vn -0.890439 -0.047940 0.452570
vn -0.883128 -0.157749 0.441815
vn -0.849024 -0.296741 0.437153
vn -0.763484 -0.500415 0.408260
vn -0.095398 -0.992152 0.080835
vn 0.000000 0.000000 0.000000
vn 0.000000 0.000000 0.000000
vn 0.000000 0.000000 0.000000
vn 0.000000 0.000000 0.000000
vn 0.000000 0.000000 0.000000
vn 0.000000 0.000000 0.000000
vn 0.000000 0.000000 0.000000
vn 0.000000 0.000000 0.000000
s 1
g polySurface40 polySurface54
usemtl blinn1SG
f 431/474/496 458/475/497 459/476/498 443/477/499
f 435/478/500 463/479/501 464/480/502 433/481/503
f 437/482/504 462/483/505 463/479/501 435/478/506
f 439/484/507 461/485/508 462/483/505 437/482/504
f 441/486/509 460/487/510 461/485/508 439/484/507
f 443/477/499 459/476/498 460/487/510 441/486/509
f 445/488/511 444/489/512 430/490/513 442/491/514
f 446/492/515 445/488/511 442/491/514 440/493/516
f 447/494/517 446/492/515 440/493/516 438/495/518
f 448/496/519 447/494/517 438/495/518 436/497/520
f 449/498/521 448/496/519 436/497/520 434/499/522
f 450/500/523 449/498/521 434/499/524 432/501/525
f 452/502/526 451/503/527 444/489/512 445/488/511
f 453/504/528 452/502/526 445/488/511 446/492/515
f 454/505/529 453/504/528 446/492/515 447/494/517
f 455/506/530 454/505/529 447/494/517 448/496/519
f 456/507/531 455/506/530 448/496/519 449/498/521
f 457/508/532 456/507/531 449/498/521 450/500/523
f 459/476/498 458/475/497 451/503/527 452/502/526
f 460/487/510 459/476/498 452/502/526 453/504/528
f 461/485/508 460/487/510 453/504/528 454/505/529
f 462/483/505 461/485/508 454/505/529 455/506/530
f 463/479/501 462/483/505 455/506/530 456/507/531
f 464/480/502 463/479/501 456/507/531 457/508/532
s off
f 434/509/533 449/510/534 466/511/535 465/512/536
f 463/513/537 435/514/538 468/515/539 467/516/540
g default
v -1.092655 37.268039 -0.897719
v -0.075963 37.359055 1.771282
v 0.119194 29.805571 -0.761607
v 1.135396 29.897052 1.922250
v -0.754730 29.906396 -0.744041
v 0.263065 29.998466 1.939193
v -1.649506 32.904885 -0.664120
v -0.631657 32.996487 2.026163
v -1.976184 34.025096 -0.653701
v -0.972577 34.146642 2.068393
v -1.795388 35.099283 -0.785052
v -0.792657 35.420905 1.892307
v -1.465874 36.278349 -0.901770
v -0.440915 36.403656 1.737998
v -0.837685 37.290853 -0.230775
v -1.209142 36.301253 -0.242940
v -1.541695 35.122017 -0.114680
v -1.722339 34.047848 0.017350
v -1.395410 32.927936 0.006826
v -0.500250 29.929417 -0.073244
v 0.373243 29.828441 -0.090647
v -0.583139 37.313584 0.426980
v -0.948769 36.358154 0.396869
v -1.304153 35.368005 0.553537
v -1.481950 34.092561 0.712651
v -1.166424 32.981228 0.701369
v -0.282975 29.993394 0.644554
v 0.601904 29.871350 0.611001
v -0.332870 37.335859 1.060040
v -0.690531 36.539460 1.031923
v -1.046030 35.522473 1.226028
v -1.230878 34.156365 1.405124
v -0.884467 32.973756 1.362060
v 0.008711 29.975465 1.268348
v 0.881342 29.874179 1.251283
v -0.754730 29.906396 -0.744041
v -0.500247 29.929417 -0.073243
v 0.008714 29.975466 1.268349
v 0.263065 29.998466 1.939193
vt 0.628933 0.927475
vt 0.561771 0.927475
vt 0.561771 0.852714
vt 0.628933 0.852714
vt 0.628933 0.553671
vt 0.561771 0.553671
vt 0.561771 0.478909
vt 0.628933 0.478909
vt 0.628933 0.628431
vt 0.561771 0.628431
vt 0.628933 0.703192
vt 0.561771 0.703192
vt 0.628933 0.777953
vt 0.561771 0.777953
vt 0.427446 0.852714
vt 0.427446 0.927475
vt 0.360284 0.927475
vt 0.360284 0.852714
vt 0.427446 0.777953
vt 0.360284 0.777953
vt 0.427446 0.703192
vt 0.360284 0.703192
vt 0.427446 0.628431
vt 0.360284 0.628431
vt 0.427446 0.553671
vt 0.360284 0.553671
vt 0.427446 0.478909
vt 0.360284 0.478909
vt 0.494609 0.852714
vt 0.494609 0.927475
vt 0.494609 0.777953
vt 0.494609 0.703192
vt 0.494609 0.628431
vt 0.494609 0.553671
vt 0.494609 0.478909
vt 0.000000 0.000000
vt 1.000000 0.000000
vt 1.000000 1.000000
vt 0.000000 1.000000
vt 0.000000 0.000000
vt 1.000000 0.000000
vt 1.000000 1.000000
vt 0.000000 1.000000
vn -0.873549 0.348424 0.339872
vn -0.878662 0.351473 0.323140
vn -0.877663 0.358413 0.318196
vn -0.861432 0.358546 0.359694
vn -0.113567 -0.990550 0.076895
vn -0.809619 -0.480733 0.336768
vn -0.117709 -0.990927 0.064864
vn -0.113567 -0.990550 0.076895
vn -0.895188 -0.277184 0.349009
vn -0.889719 -0.273544 0.365479
vn -0.894938 -0.277372 0.349500
vn -0.928880 -0.053751 0.366459
vn -0.933219 -0.031058 0.357964
vn -0.893404 0.252269 0.371739
vn -0.903632 0.269601 0.332813
vn -0.894686 0.316147 0.315576
vn -0.884606 0.328986 0.330514
vn -0.884415 0.330044 0.329971
vn -0.892208 0.305249 0.332849
vn -0.919460 0.240132 0.311335
vn -0.908865 0.244105 0.338198
vn -0.941184 -0.043835 0.335039
vn -0.934238 -0.036291 0.354799
vn -0.902830 -0.273826 0.331538
vn -0.896357 -0.273407 0.348988
vn -0.817489 -0.485228 0.310266
vn -0.895422 -0.276566 0.348899
vn -0.118408 -0.988037 0.098800
vn -0.112871 -0.990648 0.076661
vn -0.112871 -0.990648 0.076661
vn -0.894333 0.341642 0.288877
vn -0.885492 0.342781 0.313697
vn -0.923046 0.253088 0.289711
vn -0.942038 -0.039862 0.333131
vn -0.897798 -0.272011 0.346366
vn -0.823777 -0.460805 0.330227
vn -0.123513 -0.989592 0.073837
vn -0.000000 0.000000 0.000000
vn -0.097597 0.995061 0.018104
vn -0.097597 0.995061 0.018104
vn -0.000000 0.000000 0.000000
vn -0.122642 0.992344 0.014585
vn -0.000000 0.000000 0.000000
vn -0.000000 0.000000 0.000000
vn -0.122642 0.992344 0.014585
s 1
g polySurface40 polySurface58
usemtl blinn1SG
f 470/517/541 497/518/542 498/519/543 482/520/544
f 474/521/545 502/522/546 503/523/547 472/524/548
f 476/525/549 501/526/550 502/522/546 474/521/551
f 478/527/552 500/528/553 501/526/550 476/525/549
f 480/529/554 499/530/555 500/528/553 478/527/552
f 482/520/544 498/519/543 499/530/555 480/529/554
f 484/531/556 483/532/557 469/533/558 481/534/559
f 485/535/560 484/531/556 481/534/559 479/536/561
f 486/537/562 485/535/560 479/536/561 477/538/563
f 487/539/564 486/537/562 477/538/563 475/540/565
f 488/541/566 487/539/564 475/540/565 473/542/567
f 489/543/568 488/541/566 473/542/569 471/544/570
f 491/545/571 490/546/572 483/532/557 484/531/556
f 492/547/573 491/545/571 484/531/556 485/535/560
f 493/548/574 492/547/573 485/535/560 486/537/562
f 494/549/575 493/548/574 486/537/562 487/539/564
f 495/550/576 494/549/575 487/539/564 488/541/566
f 496/551/577 495/550/576 488/541/566 489/543/568
f 498/519/543 497/518/542 490/546/572 491/545/571
f 499/530/555 498/519/543 491/545/571 492/547/573
f 500/528/553 499/530/555 492/547/573 493/548/574
f 501/526/550 500/528/553 493/548/574 494/549/575
f 502/522/546 501/526/550 494/549/575 495/550/576
f 503/523/547 502/522/546 495/550/576 496/551/577
s off
f 473/552/578 488/553/579 505/554/580 504/555/581
f 502/556/582 474/557/583 507/558/584 506/559/585
g default
v -1.339634 36.691909 0.939331
v 0.966448 36.766698 -0.746463
v -1.202242 29.163216 0.249816
v 1.118278 29.238857 -1.439441
v -0.962267 29.331911 1.079377
v 1.357212 29.408000 -0.611290
v -0.781515 32.391819 1.713599
v 1.544770 32.467605 0.021061
v -0.734717 33.533927 1.948327
v 1.624669 33.641413 0.259084
v -0.954719 34.587458 1.735041
v 1.353126 34.893374 0.044648
v -1.203816 35.734331 1.367574
v 1.070440 35.841967 -0.320853
v -0.763619 36.710597 0.517191
v -0.636090 35.752781 0.945865
v -0.375061 34.606246 1.313235
v -0.154444 33.552738 1.526197
v -0.201422 32.410905 1.291234
v -0.382417 29.350934 0.656683
v -0.622115 29.182126 -0.172495
v -0.196354 36.729019 0.097879
v -0.089123 35.804385 0.523310
v 0.197105 34.848755 0.892206
v 0.451775 33.595052 1.109138
v 0.406663 32.462637 0.884759
v 0.250688 29.414773 0.254638
v -0.006646 29.223701 -0.579810
v 0.348223 36.746735 -0.310799
v 0.448455 35.980037 0.095516
v 0.771980 34.998550 0.456532
v 1.051664 33.655500 0.681229
v 0.970930 32.448898 0.440369
v 0.777282 29.388986 -0.188706
v 0.538147 29.219943 -1.017122
v -0.962267 29.331911 1.079377
v -0.382416 29.350934 0.656680
v 0.777282 29.388986 -0.188709
v 1.357212 29.408000 -0.611290
vt 0.628933 0.927475
vt 0.561771 0.927475
vt 0.561771 0.852714
vt 0.628933 0.852714
vt 0.628933 0.553671
vt 0.561771 0.553671
vt 0.561771 0.478909
vt 0.628933 0.478909
vt 0.628933 0.628431
vt 0.561771 0.628431
vt 0.628933 0.703192
vt 0.561771 0.703192
vt 0.628933 0.777953
vt 0.561771 0.777953
vt 0.427446 0.852714
vt 0.427446 0.927475
vt 0.360284 0.927475
vt 0.360284 0.852714
vt 0.427446 0.777953
vt 0.360284 0.777953
vt 0.427446 0.703192
vt 0.360284 0.703192
vt 0.427446 0.628431
vt 0.360284 0.628431
vt 0.427446 0.553671
vt 0.360284 0.553671
vt 0.427446 0.478909
vt 0.360284 0.478909
vt 0.494609 0.852714
vt 0.494609 0.927475
vt 0.494609 0.777953
vt 0.494609 0.703192
vt 0.494609 0.628431
vt 0.494609 0.553671
vt 0.494609 0.478909
vt 0.000000 0.000000
vt 1.000000 0.000000
vt 1.000000 1.000000
vt 0.000000 1.000000
vt 0.000000 0.000000
vt 1.000000 0.000000
vt 1.000000 1.000000
vt 0.000000 1.000000
vn 0.540110 0.423050 0.727537
vn 0.525170 0.426091 0.736643
vn 0.519842 0.432813 0.736503
vn 0.555642 0.432666 0.709973
vn 0.146381 -0.976667 0.157141
vn 0.556193 -0.408410 0.723775
vn 0.135870 -0.977006 0.164314
vn 0.146381 -0.976667 0.157141
vn 0.581497 -0.198605 0.788934
vn 0.595804 -0.195013 0.779094
vn 0.581914 -0.198800 0.788577
vn 0.597473 0.027117 0.801431
vn 0.589430 0.049872 0.806279
vn 0.580157 0.329503 0.744880
vn 0.544523 0.346653 0.763758
vn 0.523564 0.391946 0.756479
vn 0.534798 0.404313 0.741972
vn 0.534178 0.405340 0.741858
vn 0.540050 0.381298 0.750305
vn 0.529192 0.318002 0.786658
vn 0.552177 0.321774 0.769131
vn 0.569939 0.037214 0.820844
vn 0.586868 0.044661 0.808450
vn 0.566489 -0.195077 0.800647
vn 0.581619 -0.194751 0.789805
vn 0.532871 -0.412905 0.738619
vn 0.581425 -0.197974 0.789146
vn 0.168662 -0.973271 0.155874
vn 0.145978 -0.976824 0.156540
vn 0.145978 -0.976824 0.156540
vn 0.496620 0.416700 0.761400
vn 0.518212 0.417734 0.746294
vn 0.508708 0.330685 0.794898
vn 0.568149 0.041195 0.821894
vn 0.579404 -0.193309 0.791785
vn 0.552709 -0.387604 0.737751
vn 0.145978 -0.975013 0.167452
vn 0.000000 0.000000 0.000000
vn 0.000000 0.999783 0.020829
vn 0.000000 0.999783 0.020829
vn 0.000000 0.000000 0.000000
vn 0.003239 0.998934 0.046044
vn 0.000000 0.000000 0.000000
vn 0.000000 0.000000 0.000000
vn 0.003239 0.998934 0.046044
s 1
g polySurface40 polySurface57
usemtl blinn1SG
f 509/560/586 536/561/587 537/562/588 521/563/589
f 513/564/590 541/565/591 542/566/592 511/567/593
f 515/568/594 540/569/595 541/565/591 513/564/596
f 517/570/597 539/571/598 540/569/595 515/568/594
f 519/572/599 538/573/600 539/571/598 517/570/597
f 521/563/589 537/562/588 538/573/600 519/572/599
f 523/574/601 522/575/602 508/576/603 520/577/604
f 524/578/605 523/574/601 520/577/604 518/579/606
f 525/580/607 524/578/605 518/579/606 516/581/608
f 526/582/609 525/580/607 516/581/608 514/583/610
f 527/584/611 526/582/609 514/583/610 512/585/612
f 528/586/613 527/584/611 512/585/614 510/587/615
f 530/588/616 529/589/617 522/575/602 523/574/601
f 531/590/618 530/588/616 523/574/601 524/578/605
f 532/591/619 531/590/618 524/578/605 525/580/607
f 533/592/620 532/591/619 525/580/607 526/582/609
f 534/593/621 533/592/620 526/582/609 527/584/611
f 535/594/622 534/593/621 527/584/611 528/586/613
f 537/562/588 536/561/587 529/589/617 530/588/616
f 538/573/600 537/562/588 530/588/616 531/590/618
f 539/571/598 538/573/600 531/590/618 532/591/619
f 540/569/595 539/571/598 532/591/619 533/592/620
f 541/565/591 540/569/595 533/592/620 534/593/621
f 542/566/592 541/565/591 534/593/621 535/594/622
s off
f 512/595/623 527/596/624 544/597/625 543/598/626
f 541/599/627 513/600/628 546/601/629 545/602/630
g default
v -0.424377 36.762739 2.447880
v 1.881705 36.837528 0.762085
v -0.805613 29.190874 0.734008
v 1.514907 29.266516 -0.955249
v -0.565638 29.359569 1.563569
v 1.753841 29.435659 -0.127098
v -0.384886 32.419478 2.197791
v 1.941399 32.495263 0.505253
v -0.338088 33.561586 2.432519
v 2.021298 33.669072 0.743276
v -0.449362 34.624167 2.433986
v 1.858483 34.930083 0.743593
v -0.501684 35.787420 2.455175
v 1.772572 35.895056 0.766746
v 0.151638 36.781426 2.025740
v 0.066042 35.805870 2.033464
v 0.130296 34.642955 2.012180
v 0.242185 33.580396 2.010389
v 0.195206 32.438564 1.775426
v 0.014212 29.378593 1.140875
v -0.225486 29.209785 0.311697
v 0.718903 36.799848 1.606428
v 0.613009 35.857473 1.610910
v 0.702462 34.885465 1.591150
v 0.848403 33.622711 1.593330
v 0.803292 32.490296 1.368951
v 0.647316 29.442431 0.738830
v 0.389983 29.251360 -0.095618
v 1.263480 36.817564 1.197750
v 1.150587 36.033126 1.183116
v 1.277337 35.035259 1.155477
v 1.448292 33.683159 1.165421
v 1.367558 32.476557 0.924561
v 1.173911 29.416645 0.295486
v 0.934776 29.247602 -0.532930
v -0.565638 29.359569 1.563569
v 0.014213 29.378593 1.140872
v 1.173911 29.416645 0.295483
v 1.753841 29.435659 -0.127098
vt 0.628933 0.927475
vt 0.561771 0.927475
vt 0.561771 0.852714
vt 0.628933 0.852714
vt 0.628933 0.553671
vt 0.561771 0.553671
vt 0.561771 0.478909
vt 0.628933 0.478909
vt 0.628933 0.628431
vt 0.561771 0.628431
vt 0.628933 0.703192
vt 0.561771 0.703192
vt 0.628933 0.777953
vt 0.561771 0.777953
vt 0.427446 0.852714
vt 0.427446 0.927475
vt 0.360284 0.927475
vt 0.360284 0.852714
vt 0.427446 0.777953
vt 0.360284 0.777953
vt 0.427446 0.703192
vt 0.360284 0.703192
vt 0.427446 0.628431
vt 0.360284 0.628431
vt 0.427446 0.553671
vt 0.360284 0.553671
vt 0.427446 0.478909
vt 0.360284 0.478909
vt 0.494609 0.852714
vt 0.494609 0.927475
vt 0.494609 0.777953
vt 0.494609 0.703192
vt 0.494609 0.628431
vt 0.494609 0.553671
vt 0.494609 0.478909
vt 0.000000 0.000000
vt 1.000000 0.000000
vt 1.000000 1.000000
vt 0.000000 1.000000
vt 0.000000 0.000000
vt 1.000000 0.000000
vt 1.000000 1.000000
vt 0.000000 1.000000
vn 0.559612 -0.076714 0.825197
vn 0.585392 -0.079460 0.806847
vn 0.590809 -0.022243 0.806504
vn 0.567740 -0.009697 0.823151
vn 0.146381 -0.976667 0.157141
vn 0.556193 -0.408410 0.723775
vn 0.135870 -0.977006 0.164314
vn 0.146381 -0.976667 0.157141
vn 0.581497 -0.198605 0.788934
vn 0.595804 -0.195013 0.779094
vn 0.581914 -0.198800 0.788577
vn 0.590318 -0.065020 0.804547
vn 0.591787 -0.048372 0.804642
vn 0.583220 0.064806 0.809725
vn 0.586401 0.060518 0.807757
vn 0.596675 -0.010698 0.802412
vn 0.599341 -0.049615 0.798954
vn 0.594050 -0.043420 0.803255
vn 0.593127 -0.010918 0.805035
vn 0.584379 0.043379 0.810320
vn 0.589313 0.036139 0.807096
vn 0.578574 -0.066342 0.812927
vn 0.588543 -0.064450 0.805893
vn 0.566489 -0.195077 0.800647
vn 0.581619 -0.194751 0.789805
vn 0.532871 -0.412905 0.738619
vn 0.581425 -0.197974 0.789146
vn 0.168662 -0.973271 0.155874
vn 0.145978 -0.976824 0.156540
vn 0.145978 -0.976824 0.156540
vn 0.605371 -0.007548 0.795908
vn 0.611563 -0.069254 0.788159
vn 0.587482 0.054035 0.807432
vn 0.581474 -0.056310 0.811614
vn 0.579404 -0.193309 0.791785
vn 0.552709 -0.387604 0.737751
vn 0.145978 -0.975013 0.167452
vn 0.000000 0.000000 0.000000
vn 0.000000 0.999783 0.020829
vn 0.000000 0.999783 0.020829
vn 0.000000 0.000000 0.000000
vn 0.003239 0.998934 0.046044
vn 0.000000 0.000000 0.000000
vn 0.000000 0.000000 0.000000
vn 0.003239 0.998934 0.046044
s 1
g polySurface40 polySurface53
usemtl blinn1SG
f 548/603/631 575/604/632 576/605/633 560/606/634
f 552/607/635 580/608/636 581/609/637 550/610/638
f 554/611/639 579/612/640 580/608/636 552/607/641
f 556/613/642 578/614/643 579/612/640 554/611/639
f 558/615/644 577/616/645 578/614/643 556/613/642
f 560/606/634 576/605/633 577/616/645 558/615/644
f 562/617/646 561/618/647 547/619/648 559/620/649
f 563/621/650 562/617/646 559/620/649 557/622/651
f 564/623/652 563/621/650 557/622/651 555/624/653
f 565/625/654 564/623/652 555/624/653 553/626/655
f 566/627/656 565/625/654 553/626/655 551/628/657
f 567/629/658 566/627/656 551/628/659 549/630/660
f 569/631/661 568/632/662 561/618/647 562/617/646
f 570/633/663 569/631/661 562/617/646 563/621/650
f 571/634/664 570/633/663 563/621/650 564/623/652
f 572/635/665 571/634/664 564/623/652 565/625/654
f 573/636/666 572/635/665 565/625/654 566/627/656
f 574/637/667 573/636/666 566/627/656 567/629/658
f 576/605/633 575/604/632 568/632/662 569/631/661
f 577/616/645 576/605/633 569/631/661 570/633/663
f 578/614/643 577/616/645 570/633/663 571/634/664
f 579/612/640 578/614/643 571/634/664 572/635/665
f 580/608/636 579/612/640 572/635/665 573/636/666
f 581/609/637 580/608/636 573/636/666 574/637/667
s off
f 551/638/668 566/639/669 583/640/670 582/641/671
f 580/642/672 552/643/673 585/644/674 584/645/675
g default
v -4.078957 37.063505 -0.903291
v -2.062884 37.214860 2.928325
v -1.187156 29.127330 -1.253187
v 0.830895 29.280001 2.600849
v -2.489017 29.355909 -1.076574
v -0.468638 29.509307 2.776213
v -3.587918 30.487553 -0.789542
v -1.566229 30.640509 3.073866
v -3.983055 32.211197 -0.771030
v -1.974532 32.411896 3.141304
v -3.991178 33.822476 -0.938072
v -1.975236 34.324309 2.897246
v -4.044797 35.585386 -1.021033
v -2.018681 35.786809 2.763436
v -3.573788 37.101354 0.054007
v -3.538431 35.622905 -0.076259
v -3.487318 33.860444 0.024617
v -3.478846 32.249203 0.192652
v -3.083329 30.525988 0.173922
v -1.983874 29.394266 -0.113399
v -0.682646 29.165499 -0.289681
v -3.070919 37.138764 0.997555
v -3.027168 35.710841 0.837567
v -2.989395 34.237551 0.975936
v -2.988655 32.322525 1.194136
v -2.609690 30.613250 1.175868
v -1.522758 29.499583 0.925097
v -0.209090 29.237338 0.723523
v -2.578964 37.174921 1.904724
v -2.509538 35.987029 1.738487
v -2.467447 34.474554 1.934538
v -2.481312 32.423711 2.188527
v -2.067630 30.602704 2.120458
v -0.973592 29.470976 1.812943
v 0.326376 29.241833 1.637336
v -2.489017 29.355909 -1.076574
v -1.983874 29.394266 -0.113399
v -0.973592 29.470976 1.812943
v -0.468638 29.509307 2.776213
vt 0.628933 0.927475
vt 0.561771 0.927475
vt 0.561771 0.852714
vt 0.628933 0.852714
vt 0.628933 0.553671
vt 0.561771 0.553671
vt 0.561771 0.478909
vt 0.628933 0.478909
vt 0.628933 0.628431
vt 0.561771 0.628431
vt 0.628933 0.703192
vt 0.561771 0.703192
vt 0.628933 0.777953
vt 0.561771 0.777953
vt 0.427446 0.852714
vt 0.427446 0.927475
vt 0.360284 0.927475
vt 0.360284 0.852714
vt 0.427446 0.777953
vt 0.360284 0.777953
vt 0.427446 0.703192
vt 0.360284 0.703192
vt 0.427446 0.628431
vt 0.360284 0.628431
vt 0.427446 0.553671
vt 0.360284 0.553671
vt 0.427446 0.478909
vt 0.360284 0.478909
vt 0.494609 0.852714
vt 0.494609 0.927475
vt 0.494609 0.777953
vt 0.494609 0.703192
vt 0.494609 0.628431
vt 0.494609 0.553671
vt 0.494609 0.478909
vt 0.000000 0.000000
vt 1.000000 0.000000
vt 1.000000 1.000000
vt 0.000000 1.000000
vt 0.000000 0.000000
vt 1.000000 0.000000
vt 1.000000 1.000000
vt 0.000000 1.000000
vn -0.896375 -0.093778 0.433263
vn -0.881931 -0.096255 0.461447
vn -0.883466 -0.039045 0.466865
vn -0.896807 -0.026743 0.441613
vn -0.156547 -0.980238 0.120937
vn -0.435290 -0.864293 0.252033
vn -0.162105 -0.980680 0.109490
vn -0.156547 -0.980238 0.120937
vn -0.774353 -0.469660 0.424024
vn -0.779391 -0.454651 0.431095
vn -0.622497 -0.697701 0.354558
vn -0.880647 -0.081780 0.466661
vn -0.881270 -0.065142 0.468102
vn -0.887197 0.047948 0.458893
vn -0.885632 0.043690 0.462328
vn -0.880492 -0.027438 0.473267
vn -0.876721 -0.066298 0.476408
vn -0.880322 -0.060169 0.470545
vn -0.882565 -0.027697 0.469374
vn -0.887548 0.026514 0.459952
vn -0.884941 0.019324 0.465303
vn -0.887199 -0.083228 0.453818
vn -0.881729 -0.081236 0.464709
vn -0.782957 -0.459368 0.419475
vn -0.788925 -0.438379 0.430605
vn -0.430433 -0.862591 0.265827
vn -0.624060 -0.696173 0.354812
vn -0.158621 -0.976902 0.143186
vn -0.155893 -0.980380 0.120633
vn -0.155893 -0.980380 0.120633
vn -0.875386 -0.024191 0.482818
vn -0.867451 -0.085772 0.490074
vn -0.885345 0.037212 0.463444
vn -0.886513 -0.073182 0.456881
vn -0.789136 -0.441160 0.427366
vn -0.449406 -0.850763 0.272463
vn -0.166731 -0.978790 0.119040
vn 0.000000 0.000000 0.000000
vn 0.000000 0.000000 0.000000
vn 0.000000 0.000000 0.000000
vn 0.000000 0.000000 0.000000
vn 0.000000 0.000000 0.000000
vn 0.000000 0.000000 0.000000
vn 0.000000 0.000000 0.000000
vn 0.000000 0.000000 0.000000
s 1
g polySurface40 polySurface49
usemtl blinn1SG
f 587/646/676 614/647/677 615/648/678 599/649/679
f 591/650/680 619/651/681 620/652/682 589/653/683
f 593/654/684 618/655/685 619/651/681 591/650/686
f 595/656/687 617/657/688 618/655/685 593/654/684
f 597/658/689 616/659/690 617/657/688 595/656/687
f 599/649/679 615/648/678 616/659/690 597/658/689
f 601/660/691 600/661/692 586/662/693 598/663/694
f 602/664/695 601/660/691 598/663/694 596/665/696
f 603/666/697 602/664/695 596/665/696 594/667/698
f 604/668/699 603/666/697 594/667/698 592/669/700
f 605/670/701 604/668/699 592/669/700 590/671/702
f 606/672/703 605/670/701 590/671/704 588/673/705
f 608/674/706 607/675/707 600/661/692 601/660/691
f 609/676/708 608/674/706 601/660/691 602/664/695
f 610/677/709 609/676/708 602/664/695 603/666/697
f 611/678/710 610/677/709 603/666/697 604/668/699
f 612/679/711 611/678/710 604/668/699 605/670/701
f 613/680/712 612/679/711 605/670/701 606/672/703
f 615/648/678 614/647/677 607/675/707 608/674/706
f 616/659/690 615/648/678 608/674/706 609/676/708
f 617/657/688 616/659/690 609/676/708 610/677/709
f 618/655/685 617/657/688 610/677/709 611/678/710
f 619/651/681 618/655/685 611/678/710 612/679/711
f 620/652/682 619/651/681 612/679/711 613/680/712
s off
f 590/681/713 605/682/714 622/683/715 621/684/716
f 619/685/717 591/686/718 624/687/719 623/688/720
g default
v 3.375727 37.623476 1.179806
v 2.461071 37.512020 -3.053361
v 1.118912 29.475724 1.103705
v 0.208292 29.364900 -3.151636
v 2.398491 29.812587 1.270397
v 1.485240 29.702316 -2.984396
v 3.443204 31.028730 1.235953
v 2.531594 30.917662 -3.029394
v 3.694283 32.779373 1.245731
v 2.804803 32.715894 -3.065363
v 3.532563 34.388652 1.336053
v 2.591940 34.626194 -2.916451
v 3.425443 36.151007 1.350715
v 2.484574 36.089616 -2.841998
v 3.145795 37.595534 0.121790
v 3.191012 36.122920 0.304454
v 3.305327 34.360826 0.273192
v 3.466978 32.751531 0.181817
v 3.215443 31.001285 0.172130
v 2.170125 29.785024 0.206707
v 0.891256 29.448019 0.039874
v 2.914398 37.567670 -0.922354
v 2.939646 36.145322 -0.715593
v 3.054520 34.671543 -0.792438
v 3.260585 32.759221 -0.916347
v 3.023986 31.024286 -0.922697
v 1.999140 29.826270 -0.920784
v 0.704105 29.455416 -1.065071
v 2.683775 37.540332 -1.928511
v 2.664144 36.354953 -1.733400
v 2.793443 34.840467 -1.865161
v 3.033665 32.793328 -2.013508
v 2.758955 30.945228 -1.976128
v 1.713398 29.729888 -1.920666
v 0.435951 29.392608 -2.087793
v 2.398491 29.812587 1.270397
v 2.170125 29.785024 0.206707
v 1.713398 29.729888 -1.920666
v 1.485240 29.702316 -2.984396
vt 0.628933 0.927475
vt 0.561771 0.927475
vt 0.561771 0.852714
vt 0.628933 0.852714
vt 0.628933 0.553671
vt 0.561771 0.553671
vt 0.561771 0.478909
vt 0.628933 0.478909
vt 0.628933 0.628431
vt 0.561771 0.628431
vt 0.628933 0.703192
vt 0.561771 0.703192
vt 0.628933 0.777953
vt 0.561771 0.777953
vt 0.427446 0.852714
vt 0.427446 0.927475
vt 0.360284 0.927475
vt 0.360284 0.852714
vt 0.427446 0.777953
vt 0.360284 0.777953
vt 0.427446 0.703192
vt 0.360284 0.703192
vt 0.427446 0.628431
vt 0.360284 0.628431
vt 0.427446 0.553671
vt 0.360284 0.553671
vt 0.427446 0.478909
vt 0.360284 0.478909
vt 0.494609 0.852714
vt 0.494609 0.927475
vt 0.494609 0.777953
vt 0.494609 0.703192
vt 0.494609 0.628431
vt 0.494609 0.553671
vt 0.494609 0.478909
vt 0.000000 0.000000
vt 1.000000 0.000000
vt 1.000000 1.000000
vt 0.000000 1.000000
vt 0.000000 0.000000
vt 1.000000 0.000000
vt 1.000000 1.000000
vt 0.000000 1.000000
vn 0.984423 -0.025650 -0.173935
vn 0.978341 -0.030007 -0.204812
vn 0.976853 0.026984 -0.212203
vn 0.981904 0.040970 -0.184895
vn 0.258974 -0.965406 -0.030399
vn 0.552781 -0.828716 -0.087536
vn 0.261258 -0.965103 -0.017878
vn 0.258974 -0.965406 -0.030399
vn 0.893884 -0.410330 -0.180558
vn 0.899471 -0.395088 -0.186703
vn 0.747119 -0.648936 -0.143857
vn 0.977395 -0.015834 -0.210826
vn 0.977095 0.000774 -0.212800
vn 0.971559 0.114136 -0.207475
vn 0.971313 0.109679 -0.211003
vn 0.974824 0.038141 -0.219687
vn 0.975056 -0.000960 -0.221956
vn 0.976459 0.005588 -0.215630
vn 0.975786 0.038149 -0.215375
vn 0.973839 0.092791 -0.207431
vn 0.973334 0.085280 -0.212952
vn 0.980337 -0.016401 -0.196649
vn 0.977866 -0.015125 -0.208684
vn 0.900129 -0.399211 -0.174352
vn 0.907239 -0.378024 -0.184430
vn 0.551704 -0.827756 -0.102186
vn 0.748570 -0.647285 -0.143754
vn 0.266699 -0.962407 -0.051417
vn 0.258275 -0.965597 -0.030276
vn 0.258275 -0.965597 -0.030276
vn 0.972246 0.040716 -0.230391
vn 0.971345 -0.021467 -0.236702
vn 0.971838 0.103177 -0.211862
vn 0.979726 -0.006523 -0.200234
vn 0.906776 -0.380723 -0.181127
vn 0.570784 -0.814481 -0.104051
vn 0.268124 -0.963036 -0.025922
vn 0.000000 0.000000 0.000000
vn 0.000000 0.000000 0.000000
vn 0.000000 0.000000 0.000000
vn 0.000000 0.000000 0.000000
vn 0.000000 0.000000 0.000000
vn 0.000000 0.000000 0.000000
vn 0.000000 0.000000 0.000000
vn 0.000000 0.000000 0.000000
s 1
g polySurface40 polySurface48
usemtl blinn1SG
f 626/689/721 653/690/722 654/691/723 638/692/724
f 630/693/725 658/694/726 659/695/727 628/696/728
f 632/697/729 657/698/730 658/694/726 630/693/731
f 634/699/732 656/700/733 657/698/730 632/697/729
f 636/701/734 655/702/735 656/700/733 634/699/732
f 638/692/724 654/691/723 655/702/735 636/701/734
f 640/703/736 639/704/737 625/705/738 637/706/739
f 641/707/740 640/703/736 637/706/739 635/708/741
f 642/709/742 641/707/740 635/708/741 633/710/743
f 643/711/744 642/709/742 633/710/743 631/712/745
f 644/713/746 643/711/744 631/712/745 629/714/747
f 645/715/748 644/713/746 629/714/749 627/716/750
f 647/717/751 646/718/752 639/704/737 640/703/736
f 648/719/753 647/717/751 640/703/736 641/707/740
f 649/720/754 648/719/753 641/707/740 642/709/742
f 650/721/755 649/720/754 642/709/742 643/711/744
f 651/722/756 650/721/755 643/711/744 644/713/746
f 652/723/757 651/722/756 644/713/746 645/715/748
f 654/691/723 653/690/722 646/718/752 647/717/751
f 655/702/735 654/691/723 647/717/751 648/719/753
f 656/700/733 655/702/735 648/719/753 649/720/754
f 657/698/730 656/700/733 649/720/754 650/721/755
f 658/694/726 657/698/730 650/721/755 651/722/756
f 659/695/727 658/694/726 651/722/756 652/723/757
s off
f 629/724/758 644/725/759 661/726/760 660/727/761
f 658/728/762 630/729/763 663/730/764 662/731/765
g default
v 1.124840 37.322538 2.924061
v 3.204367 37.359096 -0.198657
v -0.384028 29.237050 1.031710
v 1.711744 29.274310 -2.101822
v 0.292724 29.446854 1.944417
v 2.386589 29.484740 -1.190382
v 0.931881 31.456322 2.622793
v 3.033272 31.493613 -0.517393
v 1.123792 33.117898 2.882148
v 3.268448 33.195771 -0.269136
v 1.020700 34.516115 2.929027
v 3.107564 34.856040 -0.201322
v 1.002320 36.044578 2.972987
v 3.042478 36.125244 -0.138723
v 1.643785 37.331680 2.142757
v 1.511243 36.053661 2.195969
v 1.544284 34.525275 2.146484
v 1.647990 33.127075 2.098927
v 1.455761 31.465868 1.839366
v 0.816155 29.456331 1.160690
v 0.139910 29.246367 0.248330
v 2.153223 37.340734 1.368905
v 1.995250 36.106907 1.427153
v 2.066015 34.828345 1.367166
v 2.207190 33.166287 1.310083
v 2.022348 31.517337 1.062670
v 1.415951 29.522899 0.378056
v 0.714897 29.284273 -0.532694
v 2.639509 37.349496 0.618443
v 2.469202 36.323304 0.655511
v 2.581534 35.009692 0.569043
v 2.754242 33.229552 0.510642
v 2.515722 31.484390 0.259434
v 1.863009 29.475282 -0.406760
v 1.187799 29.264996 -1.318432
v 0.292724 29.446854 1.944417
v 0.816155 29.456331 1.160690
v 1.863009 29.475282 -0.406760
v 2.386589 29.484740 -1.190382
vt 0.628933 0.927475
vt 0.561771 0.927475
vt 0.561771 0.852714
vt 0.628933 0.852714
vt 0.628933 0.553671
vt 0.561771 0.553671
vt 0.561771 0.478909
vt 0.628933 0.478909
vt 0.628933 0.628431
vt 0.561771 0.628431
vt 0.628933 0.703192
vt 0.561771 0.703192
vt 0.628933 0.777953
vt 0.561771 0.777953
vt 0.427446 0.852714
vt 0.427446 0.927475
vt 0.360284 0.927475
vt 0.360284 0.852714
vt 0.427446 0.777953
vt 0.360284 0.777953
vt 0.427446 0.703192
vt 0.360284 0.703192
vt 0.427446 0.628431
vt 0.360284 0.628431
vt 0.427446 0.553671
vt 0.360284 0.553671
vt 0.427446 0.478909
vt 0.360284 0.478909
vt 0.494609 0.852714
vt 0.494609 0.927475
vt 0.494609 0.777953
vt 0.494609 0.703192
vt 0.494609 0.628431
vt 0.494609 0.553671
vt 0.494609 0.478909
vt 0.000000 0.000000
vt 1.000000 0.000000
vt 1.000000 1.000000
vt 0.000000 1.000000
vt 0.000000 0.000000
vt 1.000000 0.000000
vt 1.000000 1.000000
vt 0.000000 1.000000
vn 0.807991 -0.093798 0.581681
vn 0.825781 -0.097069 0.555575
vn 0.832112 -0.040004 0.553164
vn 0.816510 -0.026995 0.576699
vn 0.168910 -0.980426 0.101169
vn 0.621611 -0.670318 0.405308
vn 0.161519 -0.980547 0.111527
vn 0.168910 -0.980426 0.101169
vn 0.789220 -0.321124 0.523460
vn 0.797332 -0.314011 0.515422
vn 0.759843 -0.413052 0.502022
vn 0.830466 -0.075870 0.551879
vn 0.832164 -0.060772 0.551190
vn 0.828180 0.047178 0.558472
vn 0.830385 0.042825 0.555542
vn 0.836479 -0.028585 0.547254
vn 0.836858 -0.067532 0.543238
vn 0.833526 -0.061236 0.549075
vn 0.834050 -0.028733 0.550940
vn 0.828962 0.025727 0.558712
vn 0.832307 0.018388 0.554010
vn 0.822055 -0.076768 0.564210
vn 0.829168 -0.075526 0.553874
vn 0.783033 -0.315132 0.536239
vn 0.792539 -0.308241 0.526184
vn 0.616265 -0.672118 0.410456
vn 0.760020 -0.411637 0.502916
vn 0.189459 -0.977543 0.092279
vn 0.168329 -0.980569 0.100742
vn 0.168329 -0.980569 0.100742
vn 0.842468 -0.025612 0.538136
vn 0.844130 -0.087400 0.528966
vn 0.831131 0.036319 0.554889
vn 0.824580 -0.067723 0.561677
vn 0.790868 -0.306588 0.529652
vn 0.639065 -0.647193 0.415616
vn 0.172133 -0.978803 0.110975
vn 0.000000 0.000000 0.000000
vn 0.000000 0.000000 0.000000
vn 0.000000 0.000000 0.000000
vn 0.000000 0.000000 0.000000
vn 0.000000 0.000000 0.000000
vn 0.000000 0.000000 0.000000
vn 0.000000 0.000000 0.000000
vn 0.000000 0.000000 0.000000
s 1
g polySurface40 polySurface47
usemtl blinn1SG
f 665/732/766 692/733/767 693/734/768 677/735/769
f 669/736/770 697/737/771 698/738/772 667/739/773
f 671/740/774 696/741/775 697/737/771 669/736/776
f 673/742/777 695/743/778 696/741/775 671/740/774
f 675/744/779 694/745/780 695/743/778 673/742/777
f 677/735/769 693/734/768 694/745/780 675/744/779
f 679/746/781 678/747/782 664/748/783 676/749/784
f 680/750/785 679/746/781 676/749/784 674/751/786
f 681/752/787 680/750/785 674/751/786 672/753/788
f 682/754/789 681/752/787 672/753/788 670/755/790
f 683/756/791 682/754/789 670/755/790 668/757/792
f 684/758/793 683/756/791 668/757/794 666/759/795
f 686/760/796 685/761/797 678/747/782 679/746/781
f 687/762/798 686/760/796 679/746/781 680/750/785
f 688/763/799 687/762/798 680/750/785 681/752/787
f 689/764/800 688/763/799 681/752/787 682/754/789
f 690/765/801 689/764/800 682/754/789 683/756/791
f 691/766/802 690/765/801 683/756/791 684/758/793
f 693/734/768 692/733/767 685/761/797 686/760/796
f 694/745/780 693/734/768 686/760/796 687/762/798
f 695/743/778 694/745/780 687/762/798 688/763/799
f 696/741/775 695/743/778 688/763/799 689/764/800
f 697/737/771 696/741/775 689/764/800 690/765/801
f 698/738/772 697/737/771 690/765/801 691/766/802
s off
f 668/767/803 683/768/804 700/769/805 699/770/806
f 697/771/807 669/772/808 702/773/809 701/774/810
g default
v 0.405297 37.437212 -3.549446
v -3.693855 37.252054 -2.159702
v 0.879460 29.439868 -0.850287
v -3.242183 29.254425 0.537912
v 0.891180 29.704779 -2.157180
v -3.229650 29.520063 -0.766465
v 0.696679 30.854895 -3.257176
v -3.434783 30.668963 -1.866858
v 0.614115 32.586957 -3.604406
v -3.566984 32.445803 -2.233535
v 0.662378 34.205017 -3.543318
v -3.465970 34.369034 -2.144985
v 0.623820 35.970259 -3.536378
v -3.434100 35.837842 -2.127952
v -0.619073 37.390927 -3.200780
v -0.388371 35.924459 -3.184563
v -0.367106 34.158541 -3.196789
v -0.416408 32.540436 -3.257688
v -0.333717 30.808800 -2.910037
v -0.139013 29.658603 -1.809450
v -0.150947 29.393507 -0.503238
v -1.629510 37.345230 -2.852223
v -1.374518 35.930833 -2.821690
v -1.409214 34.451172 -2.845328
v -1.484569 32.527085 -2.929832
v -1.400778 30.809938 -2.598223
v -1.241451 29.675737 -1.515282
v -1.227958 29.378508 -0.193694
v -2.602319 37.301163 -2.508736
v -2.362675 36.125528 -2.445503
v -2.452008 34.602718 -2.475016
v -2.550438 32.541345 -2.583190
v -2.414832 30.714882 -2.212418
v -2.199393 29.566258 -1.113994
v -2.211767 29.300786 0.190856
v 0.891180 29.704779 -2.157180
v -0.139013 29.658603 -1.809450
v -2.199393 29.566258 -1.113994
v -3.229650 29.520063 -0.766465
vt 0.628933 0.927475
vt 0.561771 0.927475
vt 0.561771 0.852714
vt 0.628933 0.852714
vt 0.628933 0.553671
vt 0.561771 0.553671
vt 0.561771 0.478909
vt 0.628933 0.478909
vt 0.628933 0.628431
vt 0.561771 0.628431
vt 0.628933 0.703192
vt 0.561771 0.703192
vt 0.628933 0.777953
vt 0.561771 0.777953
vt 0.427446 0.852714
vt 0.427446 0.927475
vt 0.360284 0.927475
vt 0.360284 0.852714
vt 0.427446 0.777953
vt 0.360284 0.777953
vt 0.427446 0.703192
vt 0.360284 0.703192
vt 0.427446 0.628431
vt 0.360284 0.628431
vt 0.427446 0.553671
vt 0.360284 0.553671
vt 0.427446 0.478909
vt 0.360284 0.478909
vt 0.494609 0.852714
vt 0.494609 0.927475
vt 0.494609 0.777953
vt 0.494609 0.703192
vt 0.494609 0.628431
vt 0.494609 0.553671
vt 0.494609 0.478909
vt 0.000000 0.000000
vt 1.000000 0.000000
vt 1.000000 1.000000
vt 0.000000 1.000000
vt 0.000000 0.000000
vt 1.000000 0.000000
vt 1.000000 1.000000
vt 0.000000 1.000000
vn -0.280635 -0.089163 -0.955664
vn -0.310465 -0.094090 -0.945917
vn -0.319738 -0.037362 -0.946769
vn -0.293685 -0.022880 -0.955628
vn -0.023287 -0.979597 -0.199620
vn -0.117561 -0.862407 -0.492375
vn -0.011114 -0.979051 -0.203312
vn -0.023287 -0.979597 -0.199620
vn -0.263079 -0.467877 -0.843730
vn -0.270357 -0.453204 -0.849420
vn -0.201615 -0.696231 -0.688922
vn -0.316858 -0.080060 -0.945088
vn -0.319394 -0.063547 -0.945489
vn -0.317652 0.050051 -0.946886
vn -0.320968 0.045513 -0.945996
vn -0.327355 -0.026337 -0.944534
vn -0.328200 -0.065436 -0.942339
vn -0.322311 -0.058791 -0.944806
vn -0.323178 -0.026252 -0.945974
vn -0.317077 0.028623 -0.947968
vn -0.322229 0.020993 -0.946429
vn -0.303082 -0.080385 -0.949568
vn -0.314807 -0.079345 -0.945834
vn -0.258011 -0.456982 -0.851233
vn -0.269580 -0.436588 -0.858323
vn -0.132029 -0.861830 -0.489712
vn -0.201733 -0.694665 -0.690467
vn -0.045125 -0.977703 -0.205086
vn -0.023075 -0.979743 -0.198927
vn -0.023075 -0.979743 -0.198927
vn -0.337795 -0.023940 -0.940915
vn -0.341683 -0.086128 -0.935860
vn -0.321640 0.038969 -0.946060
vn -0.306938 -0.070602 -0.949107
vn -0.266153 -0.439133 -0.858094
vn -0.136481 -0.849774 -0.509172
vn -0.019939 -0.977641 -0.209335
vn 0.000000 0.000000 0.000000
vn 0.000000 0.000000 0.000000
vn 0.000000 0.000000 0.000000
vn 0.000000 0.000000 0.000000
vn 0.000000 0.000000 0.000000
vn 0.000000 0.000000 0.000000
vn 0.000000 0.000000 0.000000
vn 0.000000 0.000000 0.000000
s 1
g polySurface40 polySurface46
usemtl blinn1SG
f 704/775/811 731/776/812 732/777/813 716/778/814
f 708/779/815 736/780/816 737/781/817 706/782/818
f 710/783/819 735/784/820 736/780/816 708/779/821
f 712/785/822 734/786/823 735/784/820 710/783/819
f 714/787/824 733/788/825 734/786/823 712/785/822
f 716/778/814 732/777/813 733/788/825 714/787/824
f 718/789/826 717/790/827 703/791/828 715/792/829
f 719/793/830 718/789/826 715/792/829 713/794/831
f 720/795/832 719/793/830 713/794/831 711/796/833
f 721/797/834 720/795/832 711/796/833 709/798/835
f 722/799/836 721/797/834 709/798/835 707/800/837
f 723/801/838 722/799/836 707/800/839 705/802/840
f 725/803/841 724/804/842 717/790/827 718/789/826
f 726/805/843 725/803/841 718/789/826 719/793/830
f 727/806/844 726/805/843 719/793/830 720/795/832
f 728/807/845 727/806/844 720/795/832 721/797/834
f 729/808/846 728/807/845 721/797/834 722/799/836
f 730/809/847 729/808/846 722/799/836 723/801/838
f 732/777/813 731/776/812 724/804/842 725/803/841
f 733/788/825 732/777/813 725/803/841 726/805/843
f 734/786/823 733/788/825 726/805/843 727/806/844
f 735/784/820 734/786/823 727/806/844 728/807/845
f 736/780/816 735/784/820 728/807/845 729/808/846
f 737/781/817 736/780/816 729/808/846 730/809/847
s off
f 707/810/848 722/811/849 739/812/850 738/813/851
f 736/814/852 708/815/853 741/816/854 740/817/855
g default
v 1.130096 36.625488 0.414641
v -1.639479 36.794266 -0.268352
v 0.324489 29.107378 0.482207
v -2.456976 29.277623 -0.209599
v 0.811250 29.289468 -0.227811
v -1.970619 29.460110 -0.917898
v 1.258554 32.356700 -0.663649
v -1.529119 32.527327 -1.357761
v 1.437230 33.500634 -0.809209
v -1.368341 33.704385 -1.529664
v 1.441035 34.542783 -0.466091
v -1.327409 34.942526 -1.139212
v 1.347555 35.676341 0.001571
v -1.402816 35.876540 -0.654170
v 0.437496 36.667648 0.244723
v 0.660592 35.717905 -0.162280
v 0.746358 34.585203 -0.639011
v 0.741910 33.543102 -0.982391
v 0.563178 32.399434 -0.836533
v 0.115774 29.332128 -0.400300
v -0.370873 29.149940 0.309256
v -0.247333 36.709172 0.079687
v -0.012881 35.791684 -0.308495
v 0.062684 34.850808 -0.798680
v 0.034438 33.610201 -1.177867
v -0.137135 32.476062 -1.039892
v -0.596876 29.421957 -0.625240
v -1.076819 29.216738 0.100414
v -0.909478 36.749044 -0.074811
v -0.681248 35.988965 -0.439713
v -0.636283 35.023850 -0.954350
v -0.676845 33.695099 -1.360883
v -0.840085 32.485232 -1.187694
v -1.275176 29.417455 -0.745276
v -1.761606 29.235059 -0.036649
v 0.811250 29.289468 -0.227811
v 0.115771 29.332128 -0.400299
v -1.275179 29.417455 -0.745275
v -1.970619 29.460110 -0.917898
vt 0.628933 0.927475
vt 0.561771 0.927475
vt 0.561771 0.852714
vt 0.628933 0.852714
vt 0.628933 0.553671
vt 0.561771 0.553671
vt 0.561771 0.478909
vt 0.628933 0.478909
vt 0.628933 0.628431
vt 0.561771 0.628431
vt 0.628933 0.703192
vt 0.561771 0.703192
vt 0.628933 0.777953
vt 0.561771 0.777953
vt 0.427446 0.852714
vt 0.427446 0.927475
vt 0.360284 0.927475
vt 0.360284 0.852714
vt 0.427446 0.777953
vt 0.360284 0.777953
vt 0.427446 0.703192
vt 0.360284 0.703192
vt 0.427446 0.628431
vt 0.360284 0.628431
vt 0.427446 0.553671
vt 0.360284 0.553671
vt 0.427446 0.478909
vt 0.360284 0.478909
vt 0.494609 0.852714
vt 0.494609 0.927475
vt 0.494609 0.777953
vt 0.494609 0.703192
vt 0.494609 0.628431
vt 0.494609 0.553671
vt 0.494609 0.478909
vt 0.000000 0.000000
vt 1.000000 0.000000
vt 1.000000 1.000000
vt 0.000000 1.000000
vt 0.000000 0.000000
vt 1.000000 0.000000
vt 1.000000 1.000000
vt 0.000000 1.000000
vn 0.222474 0.448883 -0.865453
vn 0.239113 0.451305 -0.859738
vn 0.242590 0.457789 -0.855324
vn 0.199286 0.459101 -0.865744
vn 0.002244 -0.968774 -0.247935
vn 0.188450 -0.381097 -0.905125
vn 0.014476 -0.969543 -0.244494
vn 0.002244 -0.968774 -0.247935
vn 0.227470 -0.170147 -0.958805
vn 0.210840 -0.165972 -0.963327
vn 0.226924 -0.170325 -0.958903
vn 0.232470 0.056102 -0.970984
vn 0.241914 0.078503 -0.967117
vn 0.207764 0.357233 -0.910614
vn 0.245518 0.372887 -0.894805
vn 0.254504 0.417197 -0.872453
vn 0.236483 0.429987 -0.871313
vn 0.236819 0.430985 -0.870729
vn 0.238932 0.407254 -0.881508
vn 0.272194 0.343682 -0.898773
vn 0.244110 0.348385 -0.905008
vn 0.265264 0.065064 -0.961978
vn 0.245092 0.073194 -0.966733
vn 0.246164 -0.167232 -0.954692
vn 0.228156 -0.166287 -0.959319
vn 0.214675 -0.386547 -0.896937
vn 0.227694 -0.169518 -0.958863
vn -0.012925 -0.964416 -0.264074
vn 0.002037 -0.968951 -0.247246
vn 0.002037 -0.968951 -0.247246
vn 0.276170 0.440773 -0.854078
vn 0.250767 0.442690 -0.860896
vn 0.291964 0.355492 -0.887909
vn 0.267317 0.068967 -0.961137
vn 0.231131 -0.164936 -0.958840
vn 0.201925 -0.360410 -0.910676
vn 0.010453 -0.967100 -0.254181
vn 0.000000 0.000000 0.000000
vn 0.041024 0.998907 0.022424
vn 0.041024 0.998907 0.022424
vn 0.000000 0.000000 0.000000
vn 0.058269 0.998294 0.003736
vn 0.000000 0.000000 0.000000
vn 0.000000 0.000000 0.000000
vn 0.058269 0.998294 0.003736
s 1
g polySurface40 polySurface59
usemtl blinn1SG
f 743/818/856 770/819/857 771/820/858 755/821/859
f 747/822/860 775/823/861 776/824/862 745/825/863
f 749/826/864 774/827/865 775/823/861 747/822/866
f 751/828/867 773/829/868 774/827/865 749/826/864
f 753/830/869 772/831/870 773/829/868 751/828/867
f 755/821/859 771/820/858 772/831/870 753/830/869
f 757/832/871 756/833/872 742/834/873 754/835/874
f 758/836/875 757/832/871 754/835/874 752/837/876
f 759/838/877 758/836/875 752/837/876 750/839/878
f 760/840/879 759/838/877 750/839/878 748/841/880
f 761/842/881 760/840/879 748/841/880 746/843/882
f 762/844/883 761/842/881 746/843/884 744/845/885
f 764/846/886 763/847/887 756/833/872 757/832/871
f 765/848/888 764/846/886 757/832/871 758/836/875
f 766/849/889 765/848/888 758/836/875 759/838/877
f 767/850/890 766/849/889 759/838/877 760/840/879
f 768/851/891 767/850/890 760/840/879 761/842/881
f 769/852/892 768/851/891 761/842/881 762/844/883
f 771/820/858 770/819/857 763/847/887 764/846/886
f 772/831/870 771/820/858 764/846/886 765/848/888
f 773/829/868 772/831/870 765/848/888 766/849/889
f 774/827/865 773/829/868 766/849/889 767/850/890
f 775/823/861 774/827/865 767/850/890 768/851/891
f 776/824/862 775/823/861 768/851/891 769/852/892
s off
f 746/853/893 761/854/894 778/855/895 777/856/896
f 775/857/897 747/858/898 780/859/899 779/860/900
g default
v -1.183028 37.448454 3.595507
v 2.937574 37.630142 2.270231
v -0.834715 29.381883 1.086726
v 3.308272 29.565512 -0.236670
v -0.894016 29.674925 2.386415
v 3.248133 29.859139 1.060475
v -0.830376 30.863939 3.460569
v 3.322465 31.047988 2.135209
v -0.921854 32.603479 3.766374
v 3.275716 32.837361 2.460070
v -1.125619 34.207315 3.664927
v 2.990354 34.739067 2.322926
v -1.258152 35.967297 3.615256
v 2.816622 36.197026 2.269418
v -0.153272 37.493808 3.262951
v -0.240510 36.011881 3.279365
v -0.090792 34.253027 3.334589
v 0.114014 32.649247 3.435860
v 0.205333 30.910109 3.129624
v 0.141510 29.720982 2.054879
v 0.201027 29.427790 0.755877
v 0.862556 37.538405 2.930290
v 0.746345 36.105586 2.930768
v 0.923827 34.637264 2.991183
v 1.183807 32.732119 3.123936
v 1.272355 31.007663 2.833364
v 1.241894 29.838302 1.776377
v 1.279480 29.510310 0.462422
v 1.840700 37.581074 2.602113
v 1.717177 36.386553 2.564267
v 1.953115 34.880751 2.632408
v 2.248960 32.841798 2.792518
v 2.297194 31.002624 2.464729
v 2.212549 29.813092 1.391807
v 2.272519 29.519605 0.094184
v -0.894016 29.674925 2.386415
v 0.141510 29.720982 2.054879
v 2.212549 29.813092 1.391807
v 3.248133 29.859139 1.060475
vt 0.628933 0.927475
vt 0.561771 0.927475
vt 0.561771 0.852714
vt 0.628933 0.852714
vt 0.628933 0.553671
vt 0.561771 0.553671
vt 0.561771 0.478909
vt 0.628933 0.478909
vt 0.628933 0.628431
vt 0.561771 0.628431
vt 0.628933 0.703192
vt 0.561771 0.703192
vt 0.628933 0.777953
vt 0.561771 0.777953
vt 0.427446 0.852714
vt 0.427446 0.927475
vt 0.360284 0.927475
vt 0.360284 0.852714
vt 0.427446 0.777953
vt 0.360284 0.777953
vt 0.427446 0.703192
vt 0.360284 0.703192
vt 0.427446 0.628431
vt 0.360284 0.628431
vt 0.427446 0.553671
vt 0.360284 0.553671
vt 0.427446 0.478909
vt 0.360284 0.478909
vt 0.494609 0.852714
vt 0.494609 0.927475
vt 0.494609 0.777953
vt 0.494609 0.703192
vt 0.494609 0.628431
vt 0.494609 0.553671
vt 0.494609 0.478909
vt 0.000000 0.000000
vt 1.000000 0.000000
vt 1.000000 1.000000
vt 0.000000 1.000000
vt 0.000000 0.000000
vt 1.000000 0.000000
vt 1.000000 1.000000
vt 0.000000 1.000000
vn 0.271856 -0.039440 0.961529
vn 0.302185 -0.041665 0.952338
vn 0.305907 0.015700 0.951932
vn 0.278432 0.027785 0.960054
vn 0.114662 -0.967756 0.224280
vn 0.192194 -0.835189 0.515287
vn 0.102434 -0.968309 0.227781
vn 0.114662 -0.967756 0.224280
vn 0.292893 -0.420500 0.858716
vn 0.298623 -0.405043 0.864155
vn 0.256435 -0.657166 0.708783
vn 0.307200 -0.027118 0.951259
vn 0.308120 -0.010416 0.951290
vn 0.295376 0.102480 0.949869
vn 0.299128 0.098264 0.949140
vn 0.312458 0.027359 0.949537
vn 0.317117 -0.011511 0.948317
vn 0.310575 -0.005417 0.950533
vn 0.308270 0.027067 0.950914
vn 0.296858 0.081125 0.951469
vn 0.302749 0.073996 0.950193
vn 0.293446 -0.028661 0.955546
vn 0.305076 -0.026559 0.951958
vn 0.286672 -0.409960 0.865882
vn 0.296095 -0.388362 0.872641
vn 0.206579 -0.833270 0.512821
vn 0.256376 -0.655562 0.710289
vn 0.136119 -0.963621 0.230013
vn 0.114479 -0.967937 0.223589
vn 0.114479 -0.967937 0.223589
vn 0.322677 0.030675 0.946012
vn 0.332644 -0.030936 0.942545
vn 0.300430 0.091819 0.949374
vn 0.296345 -0.018563 0.954901
vn 0.292935 -0.391252 0.872417
vn 0.209516 -0.820391 0.532036
vn 0.110979 -0.965908 0.233892
vn 0.000000 0.000000 0.000000
vn 0.000000 0.000000 0.000000
vn 0.000000 0.000000 0.000000
vn 0.000000 0.000000 0.000000
vn 0.000000 0.000000 0.000000
vn 0.000000 0.000000 0.000000
vn 0.000000 0.000000 0.000000
vn 0.000000 0.000000 0.000000
s 1
g polySurface40 polySurface41
usemtl blinn1SG
f 782/861/901 809/862/902 810/863/903 794/864/904
f 786/865/905 814/866/906 815/867/907 784/868/908
f 788/869/909 813/870/910 814/866/906 786/865/911
f 790/871/912 812/872/913 813/870/910 788/869/909
f 792/873/914 811/874/915 812/872/913 790/871/912
f 794/864/904 810/863/903 811/874/915 792/873/914
f 796/875/916 795/876/917 781/877/918 793/878/919
f 797/879/920 796/875/916 793/878/919 791/880/921
f 798/881/922 797/879/920 791/880/921 789/882/923
f 799/883/924 798/881/922 789/882/923 787/884/925
f 800/885/926 799/883/924 787/884/925 785/886/927
f 801/887/928 800/885/926 785/886/929 783/888/930
f 803/889/931 802/890/932 795/876/917 796/875/916
f 804/891/933 803/889/931 796/875/916 797/879/920
f 805/892/934 804/891/933 797/879/920 798/881/922
f 806/893/935 805/892/934 798/881/922 799/883/924
f 807/894/936 806/893/935 799/883/924 800/885/926
f 808/895/937 807/894/936 800/885/926 801/887/928
f 810/863/903 809/862/902 802/890/932 803/889/931
f 811/874/915 810/863/903 803/889/931 804/891/933
f 812/872/913 811/874/915 804/891/933 805/892/934
f 813/870/910 812/872/913 805/892/934 806/893/935
f 814/866/906 813/870/910 806/893/935 807/894/936
f 815/867/907 814/866/906 807/894/936 808/895/937
s off
f 785/896/938 800/897/939 817/898/940 816/899/941
f 814/900/942 786/901/943 819/902/944 818/903/945
g default
v 2.902484 37.137471 -1.607581
v -0.339545 36.941513 -3.485876
v 1.362718 29.312046 0.549055
v -1.891103 29.115361 -1.344789
v 2.225522 29.501081 -0.195848
v -1.029469 29.305117 -2.087754
v 2.800802 31.413619 -1.007518
v -0.459996 31.216390 -2.906543
v 3.001182 32.899881 -1.322694
v -0.274633 32.739836 -3.266816
v 3.006078 34.346103 -1.316998
v -0.253991 34.451953 -3.222357
v 3.000745 35.872862 -1.403389
v -0.229378 35.723908 -3.246109
v 2.091409 37.088531 -2.076184
v 2.194554 35.824671 -1.862273
v 2.193488 34.296828 -1.790146
v 2.185797 32.894020 -1.797189
v 1.985219 31.408141 -1.481706
v 1.409668 29.495552 -0.669566
v 0.547186 29.306332 0.074817
v 1.288348 37.040365 -2.535775
v 1.396594 35.822468 -2.299803
v 1.374555 34.540867 -2.281247
v 1.363783 32.872089 -2.307411
v 1.174473 31.398272 -2.000863
v 0.590499 29.498297 -1.222428
v -0.267937 29.282241 -0.451525
v 0.510027 36.994173 -2.973758
v 0.591055 35.983569 -2.738029
v 0.541242 34.663408 -2.756875
v 0.531139 32.874674 -2.806480
v 0.344447 31.308481 -2.439826
v -0.217872 29.397584 -1.615440
v -1.079720 29.207988 -0.872102
v 2.225522 29.501081 -0.195848
v 1.411749 29.452094 -0.668788
v -0.215791 29.354126 -1.614662
v -1.029469 29.305117 -2.087754
vt 0.628933 0.927475
vt 0.561771 0.927475
vt 0.561771 0.852714
vt 0.628933 0.852714
vt 0.628933 0.553671
vt 0.561771 0.553671
vt 0.561771 0.478909
vt 0.628933 0.478909
vt 0.628933 0.628431
vt 0.561771 0.628431
vt 0.628933 0.703192
vt 0.561771 0.703192
vt 0.628933 0.777953
vt 0.561771 0.777953
vt 0.427446 0.852714
vt 0.427446 0.927475
vt 0.360284 0.927475
vt 0.360284 0.852714
vt 0.427446 0.777953
vt 0.360284 0.777953
vt 0.427446 0.703192
vt 0.360284 0.703192
vt 0.427446 0.628431
vt 0.360284 0.628431
vt 0.427446 0.553671
vt 0.360284 0.553671
vt 0.427446 0.478909
vt 0.360284 0.478909
vt 0.494609 0.852714
vt 0.494609 0.927475
vt 0.494609 0.777953
vt 0.494609 0.703192
vt 0.494609 0.628431
vt 0.494609 0.553671
vt 0.494609 0.478909
vt 0.000000 0.000000
vt 1.000000 0.000000
vt 1.000000 1.000000
vt 0.000000 1.000000
vt 0.000000 0.000000
vt 1.000000 0.000000
vt 1.000000 1.000000
vt 0.000000 1.000000
vn 0.534630 -0.132244 -0.834675
vn 0.507622 -0.137476 -0.850541
vn 0.502957 -0.081072 -0.860501
vn 0.526949 -0.066353 -0.847303
vn 0.154495 -0.985342 -0.072341
vn 0.397862 -0.709500 -0.581649
vn 0.153568 -0.984954 -0.079264
vn 0.154495 -0.985342 -0.072341
vn 0.497100 -0.383079 -0.778551
vn 0.481120 -0.372703 -0.793484
vn 0.484315 -0.462645 -0.742562
vn 0.508552 -0.126668 -0.851663
vn 0.504115 -0.104751 -0.857260
vn 0.505443 0.006289 -0.862837
vn 0.502648 0.001729 -0.864490
vn 0.496421 -0.070154 -0.865243
vn 0.493673 -0.109135 -0.862772
vn 0.499493 -0.102460 -0.860238
vn 0.500251 -0.070029 -0.863044
vn 0.506469 -0.015051 -0.862127
vn 0.501813 -0.022576 -0.864682
vn 0.512829 -0.121607 -0.849835
vn 0.499592 -0.125519 -0.857119
vn 0.487175 -0.372220 -0.790008
vn 0.468679 -0.370527 -0.801904
vn 0.375800 -0.708000 -0.597922
vn 0.448344 -0.460190 -0.766298
vn 0.100618 -0.984574 -0.143146
vn 0.090964 -0.985262 -0.144861
vn 0.090964 -0.985262 -0.144861
vn 0.486866 -0.067863 -0.870837
vn 0.479650 -0.129858 -0.867797
vn 0.502225 -0.004843 -0.864723
vn 0.512669 -0.114064 -0.850976
vn 0.487319 -0.366182 -0.792736
vn 0.392364 -0.688968 -0.609405
vn 0.132537 -0.984709 -0.113057
vn -0.000000 -0.000000 0.000000
vn -0.502071 -0.008554 0.864784
vn -0.502071 -0.008554 0.864784
vn -0.000000 -0.000000 0.000000
vn -0.502234 -0.008571 0.864689
vn -0.000000 -0.000000 0.000000
vn -0.000000 -0.000000 0.000000
vn -0.502234 -0.008571 0.864689
s 1
g polySurface40 polySurface52
usemtl blinn1SG
f 821/904/946 848/905/947 849/906/948 833/907/949
f 825/908/950 853/909/951 854/910/952 823/911/953
f 827/912/954 852/913/955 853/909/951 825/908/956
f 829/914/957 851/915/958 852/913/955 827/912/954
f 831/916/959 850/917/960 851/915/958 829/914/957
f 833/907/949 849/906/948 850/917/960 831/916/959
f 835/918/961 834/919/962 820/920/963 832/921/964
f 836/922/965 835/918/961 832/921/964 830/923/966
f 837/924/967 836/922/965 830/923/966 828/925/968
f 838/926/969 837/924/967 828/925/968 826/927/970
f 839/928/971 838/926/969 826/927/970 824/929/972
f 840/930/973 839/928/971 824/929/974 822/931/975
f 842/932/976 841/933/977 834/919/962 835/918/961
f 843/934/978 842/932/976 835/918/961 836/922/965
f 844/935/979 843/934/978 836/922/965 837/924/967
f 845/936/980 844/935/979 837/924/967 838/926/969
f 846/937/981 845/936/980 838/926/969 839/928/971
f 847/938/982 846/937/981 839/928/971 840/930/973
f 849/906/948 848/905/947 841/933/977 842/932/976
f 850/917/960 849/906/948 842/932/976 843/934/978
f 851/915/958 850/917/960 843/934/978 844/935/979
f 852/913/955 851/915/958 844/935/979 845/936/980
f 853/909/951 852/913/955 845/936/980 846/937/981
f 854/910/952 853/909/951 846/937/981 847/938/982
s off
f 824/939/983 839/940/984 856/941/985 855/942/986
f 853/943/987 825/944/988 858/945/989 857/946/990
g default
v -3.127524 37.235428 1.253903
v 0.021585 37.164312 3.291755
v -0.975642 29.277152 -1.001193
v 2.184482 29.205469 1.052769
v -1.884395 29.390555 -0.296542
v 1.276951 29.319724 1.755574
v -2.662232 31.594140 0.472391
v 0.504621 31.522144 2.531872
v -2.964659 33.054776 0.825885
v 0.212724 33.019224 2.932403
v -3.053192 34.454186 0.865678
v 0.094918 34.684326 2.941517
v -3.141370 35.974884 1.002928
v -0.005081 35.951175 3.006210
v -2.339635 37.217765 1.762427
v -2.357904 35.958017 1.501522
v -2.264000 34.436125 1.378809
v -2.174784 33.036686 1.339620
v -1.872164 31.576458 0.985840
v -1.094032 29.372854 0.216449
v -0.185614 29.259229 -0.487706
v -1.559327 37.200713 2.261569
v -1.584254 35.987269 1.979899
v -1.486516 34.710472 1.919938
v -1.379659 33.045198 1.891154
v -1.089430 31.596049 1.546107
v -0.305333 29.404379 0.811220
v 0.601951 29.264642 0.079489
v -0.802709 37.184927 2.737906
v -0.812617 36.179880 2.464795
v -0.686821 34.864952 2.442338
v -0.574808 33.079161 2.432930
v -0.278770 31.539728 2.024679
v 0.486690 29.337459 1.242433
v 1.394445 29.223386 0.539278
v -1.884395 29.390555 -0.296542
v -1.094032 29.372854 0.216449
v 0.486690 29.337459 1.242433
v 1.276951 29.319724 1.755574
vt 0.628933 0.927475
vt 0.561771 0.927475
vt 0.561771 0.852714
vt 0.628933 0.852714
vt 0.628933 0.553671
vt 0.561771 0.553671
vt 0.561771 0.478909
vt 0.628933 0.478909
vt 0.628933 0.628431
vt 0.561771 0.628431
vt 0.628933 0.703192
vt 0.561771 0.703192
vt 0.628933 0.777953
vt 0.561771 0.777953
vt 0.427446 0.852714
vt 0.427446 0.927475
vt 0.360284 0.927475
vt 0.360284 0.852714
vt 0.427446 0.777953
vt 0.360284 0.777953
vt 0.427446 0.703192
vt 0.360284 0.703192
vt 0.427446 0.628431
vt 0.360284 0.628431
vt 0.427446 0.553671
vt 0.360284 0.553671
vt 0.427446 0.478909
vt 0.360284 0.478909
vt 0.494609 0.852714
vt 0.494609 0.927475
vt 0.494609 0.777953
vt 0.494609 0.703192
vt 0.494609 0.628431
vt 0.494609 0.553671
vt 0.494609 0.478909
vt 0.000000 0.000000
vt 1.000000 0.000000
vt 1.000000 1.000000
vt 0.000000 1.000000
vt 0.000000 0.000000
vt 1.000000 0.000000
vt 1.000000 1.000000
vt 0.000000 1.000000
vn -0.566981 -0.192374 0.800952
vn -0.540577 -0.196629 0.817994
vn -0.539778 -0.140481 0.830003
vn -0.563935 -0.126753 0.816033
vn -0.069296 -0.994986 0.072115
vn -0.402450 -0.688352 0.603494
vn -0.079756 -0.994702 0.064863
vn -0.069296 -0.994986 0.072115
vn -0.507232 -0.392315 0.767336
vn -0.497253 -0.386177 0.776922
vn -0.495883 -0.438370 0.749621
vn -0.537015 -0.182496 0.823596
vn -0.537011 -0.166362 0.827008
vn -0.547839 -0.053587 0.834866
vn -0.544719 -0.058023 0.836609
vn -0.534168 -0.129383 0.835419
vn -0.528943 -0.168032 0.831856
vn -0.535027 -0.161603 0.829235
vn -0.537885 -0.129359 0.833034
vn -0.547403 -0.074982 0.833503
vn -0.542428 -0.082437 0.836048
vn -0.549001 -0.183318 0.815470
vn -0.538893 -0.182215 0.822430
vn -0.520807 -0.386577 0.761130
vn -0.509481 -0.382297 0.770894
vn -0.411804 -0.690569 0.594586
vn -0.496751 -0.437093 0.749792
vn -0.060204 -0.993869 0.092733
vn -0.068877 -0.995059 0.071511
vn -0.068877 -0.995059 0.071511
vn -0.525062 -0.126755 0.841572
vn -0.513960 -0.188098 0.836938
vn -0.543866 -0.064551 0.836686
vn -0.546992 -0.173600 0.818940
vn -0.512972 -0.381217 0.769112
vn -0.413776 -0.666048 0.620620
vn -0.079096 -0.993997 0.075596
vn 0.000000 0.000000 0.000000
vn 0.000000 0.000000 0.000000
vn 0.000000 0.000000 0.000000
vn 0.000000 0.000000 0.000000
vn 0.000000 0.000000 0.000000
vn 0.000000 0.000000 0.000000
vn 0.000000 0.000000 0.000000
vn 0.000000 0.000000 0.000000
s 1
g polySurface40 polySurface51
usemtl blinn1SG
f 860/947/991 887/948/992 888/949/993 872/950/994
f 864/951/995 892/952/996 893/953/997 862/954/998
f 866/955/999 891/956/1000 892/952/996 864/951/1001
f 868/957/1002 890/958/1003 891/956/1000 866/955/999
f 870/959/1004 889/960/1005 890/958/1003 868/957/1002
f 872/950/994 888/949/993 889/960/1005 870/959/1004
f 874/961/1006 873/962/1007 859/963/1008 871/964/1009
f 875/965/1010 874/961/1006 871/964/1009 869/966/1011
f 876/967/1012 875/965/1010 869/966/1011 867/968/1013
f 877/969/1014 876/967/1012 867/968/1013 865/970/1015
f 878/971/1016 877/969/1014 865/970/1015 863/972/1017
f 879/973/1018 878/971/1016 863/972/1019 861/974/1020
f 881/975/1021 880/976/1022 873/962/1007 874/961/1006
f 882/977/1023 881/975/1021 874/961/1006 875/965/1010
f 883/978/1024 882/977/1023 875/965/1010 876/967/1012
f 884/979/1025 883/978/1024 876/967/1012 877/969/1014
f 885/980/1026 884/979/1025 877/969/1014 878/971/1016
f 886/981/1027 885/980/1026 878/971/1016 879/973/1018
f 888/949/993 887/948/992 880/976/1022 881/975/1021
f 889/960/1005 888/949/993 881/975/1021 882/977/1023
f 890/958/1003 889/960/1005 882/977/1023 883/978/1024
f 891/956/1000 890/958/1003 883/978/1024 884/979/1025
f 892/952/996 891/956/1000 884/979/1025 885/980/1026
f 893/953/997 892/952/996 885/980/1026 886/981/1027
s off
f 863/982/1028 878/983/1029 895/984/1030 894/985/1031
f 892/986/1032 864/987/1033 897/988/1034 896/989/1035
g default
v -1.760515 36.559097 -2.919400
v -3.285669 36.540341 0.508527
v 0.801882 29.230516 -1.098179
v -0.737481 29.211433 2.343139
v -0.034365 29.337390 -1.888313
v -1.571708 29.319166 1.553911
v -0.921909 30.226052 -2.485024
v -2.465683 30.206775 0.963801
v -1.307979 31.685123 -2.750589
v -2.896332 31.702730 0.715392
v -1.351405 33.083531 -2.852591
v -2.912169 33.366230 0.575781
v -1.490214 34.603865 -2.940927
v -2.982880 34.632124 0.468273
v -2.140781 36.554528 -2.061962
v -1.861351 34.599966 -2.089410
v -1.736021 33.078607 -1.993146
v -1.693083 31.680187 -1.890372
v -1.306700 30.221520 -1.624668
v -0.418661 29.332843 -1.027736
v 0.417042 29.225746 -0.237853
v -2.512946 36.550407 -1.213475
v -2.213724 34.641930 -1.251406
v -2.148103 33.366098 -1.145252
v -2.114537 31.702159 -1.019503
v -1.738623 30.254477 -0.764849
v -0.883659 29.378035 -0.156853
v -0.021073 29.244631 0.628024
v -2.866256 36.547116 -0.391947
v -2.571723 34.847249 -0.416799
v -2.539061 33.533882 -0.276548
v -2.524664 31.749639 -0.140916
v -2.086035 30.211331 0.111012
v -1.187250 29.323748 0.693411
v -0.352641 29.216203 1.482804
v -0.034365 29.337390 -1.888313
v -0.418661 29.332843 -1.027736
v -1.187250 29.323748 0.693411
v -1.571708 29.319166 1.553911
vt 0.628933 0.927475
vt 0.561771 0.927475
vt 0.561771 0.852714
vt 0.628933 0.852714
vt 0.628933 0.553671
vt 0.561771 0.553671
vt 0.561771 0.478909
vt 0.628933 0.478909
vt 0.628933 0.628431
vt 0.561771 0.628431
vt 0.628933 0.703192
vt 0.561771 0.703192
vt 0.628933 0.777953
vt 0.561771 0.777953
vt 0.427446 0.852714
vt 0.427446 0.927475
vt 0.360284 0.927475
vt 0.360284 0.852714
vt 0.427446 0.777953
vt 0.360284 0.777953
vt 0.427446 0.703192
vt 0.360284 0.703192
vt 0.427446 0.628431
vt 0.360284 0.628431
vt 0.427446 0.553671
vt 0.360284 0.553671
vt 0.427446 0.478909
vt 0.360284 0.478909
vt 0.494609 0.852714
vt 0.494609 0.927475
vt 0.494609 0.777953
vt 0.494609 0.703192
vt 0.494609 0.628431
vt 0.494609 0.553671
vt 0.494609 0.478909
vt 0.000000 0.000000
vt 1.000000 0.000000
vt 1.000000 1.000000
vt 0.000000 1.000000
vt 0.000000 0.000000
vt 1.000000 0.000000
vt 1.000000 1.000000
vt 0.000000 1.000000
vn -0.891057 -0.139722 -0.431851
vn -0.902447 -0.141757 -0.406810
vn -0.906781 -0.118302 -0.404663
vn -0.896696 -0.110796 -0.428557
vn -0.086635 -0.995262 -0.044139
vn -0.372612 -0.910058 -0.181535
vn -0.081090 -0.995155 -0.055594
vn -0.086635 -0.995262 -0.044139
vn -0.757279 -0.556462 -0.341875
vn -0.767492 -0.542528 -0.341496
vn -0.585318 -0.766230 -0.265132
vn -0.897955 -0.182520 -0.400455
vn -0.901273 -0.166145 -0.400129
vn -0.910057 -0.053404 -0.411028
vn -0.911306 -0.057809 -0.407650
vn -0.910786 -0.113603 -0.396942
vn -0.910238 -0.126467 -0.394301
vn -0.908280 -0.122697 -0.399966
vn -0.908924 -0.114143 -0.401034
vn -0.908765 -0.074826 -0.410545
vn -0.910547 -0.082230 -0.405145
vn -0.891824 -0.183366 -0.413554
vn -0.897160 -0.181890 -0.402517
vn -0.760131 -0.546505 -0.351472
vn -0.774731 -0.527028 -0.349333
vn -0.380547 -0.909154 -0.169187
vn -0.586642 -0.764844 -0.266206
vn -0.105600 -0.993894 -0.031975
vn -0.085975 -0.995333 -0.043814
vn -0.085975 -0.995333 -0.043814
vn -0.915077 -0.111210 -0.387643
vn -0.913823 -0.137096 -0.382272
vn -0.911294 -0.064322 -0.406701
vn -0.894882 -0.173583 -0.411164
vn -0.772055 -0.529506 -0.351504
vn -0.398674 -0.899258 -0.179986
vn -0.091583 -0.994370 -0.053298
vn 0.000000 0.000000 0.000000
vn 0.000000 0.000000 0.000000
vn 0.000000 0.000000 0.000000
vn 0.000000 0.000000 0.000000
vn 0.000000 0.000000 0.000000
vn 0.000000 0.000000 0.000000
vn 0.000000 0.000000 0.000000
vn 0.000000 0.000000 0.000000
s 1
g polySurface40 polySurface50
usemtl blinn1SG
f 899/990/1036 926/991/1037 927/992/1038 911/993/1039
f 903/994/1040 931/995/1041 932/996/1042 901/997/1043
f 905/998/1044 930/999/1045 931/995/1041 903/994/1046
f 907/1000/1047 929/1001/1048 930/999/1045 905/998/1044
f 909/1002/1049 928/1003/1050 929/1001/1048 907/1000/1047
f 911/993/1039 927/992/1038 928/1003/1050 909/1002/1049
f 913/1004/1051 912/1005/1052 898/1006/1053 910/1007/1054
f 914/1008/1055 913/1004/1051 910/1007/1054 908/1009/1056
f 915/1010/1057 914/1008/1055 908/1009/1056 906/1011/1058
f 916/1012/1059 915/1010/1057 906/1011/1058 904/1013/1060
f 917/1014/1061 916/1012/1059 904/1013/1060 902/1015/1062
f 918/1016/1063 917/1014/1061 902/1015/1064 900/1017/1065
f 920/1018/1066 919/1019/1067 912/1005/1052 913/1004/1051
f 921/1020/1068 920/1018/1066 913/1004/1051 914/1008/1055
f 922/1021/1069 921/1020/1068 914/1008/1055 915/1010/1057
f 923/1022/1070 922/1021/1069 915/1010/1057 916/1012/1059
f 924/1023/1071 923/1022/1070 916/1012/1059 917/1014/1061
f 925/1024/1072 924/1023/1071 917/1014/1061 918/1016/1063
f 927/992/1038 926/991/1037 919/1019/1067 920/1018/1066
f 928/1003/1050 927/992/1038 920/1018/1066 921/1020/1068
f 929/1001/1048 928/1003/1050 921/1020/1068 922/1021/1069
f 930/999/1045 929/1001/1048 922/1021/1069 923/1022/1070
f 931/995/1041 930/999/1045 923/1022/1070 924/1023/1071
f 932/996/1042 931/995/1041 924/1023/1071 925/1024/1072
s off
f 902/1025/1073 917/1026/1074 934/1027/1075 933/1028/1076
f 931/1029/1077 903/1030/1078 936/1031/1079 935/1032/1080
g default
v 10.285033 12.055904 -2.559669
v 10.712689 12.124608 0.324229
v 15.254920 0.575107 -2.350571
v 15.682574 0.643814 0.533327
v 14.801334 1.981382 -2.472779
v 15.228981 2.050090 0.411115
v 14.542963 3.379808 -2.542454
v 14.970615 3.448515 0.341446
v 14.447871 4.771654 -2.568180
v 14.875525 4.840361 0.315718
v 14.463773 6.159036 -2.564036
v 14.891418 6.227743 0.319859
v 14.289532 7.565146 -2.535521
v 14.717173 7.633855 0.348373
v 13.725187 9.006318 -2.480038
v 14.152839 9.075023 0.403859
v 12.795904 10.153049 -2.485862
v 13.223550 10.221760 0.398035
v 11.949641 11.153934 -2.500424
v 12.377288 11.222644 0.383470
v 9.930495 12.089635 -1.762447
v 11.595101 11.187667 -1.703202
v 12.441364 10.186782 -1.688640
v 13.370648 9.040050 -1.682816
v 13.934990 7.598879 -1.738300
v 14.109232 6.192768 -1.766815
v 14.093333 4.805386 -1.770958
v 14.188424 3.413540 -1.745231
v 14.446794 2.015114 -1.675558
v 14.900382 0.608839 -1.553349
v 9.923888 12.109574 -0.893060
v 11.588491 11.207607 -0.833817
v 12.434754 10.206722 -0.819254
v 13.364039 9.059989 -0.813430
v 13.928379 7.618819 -0.868914
v 14.102622 6.212707 -0.897429
v 14.086724 4.825325 -0.901572
v 14.181815 3.433479 -0.875844
v 14.440184 2.035054 -0.806173
v 14.893773 0.628779 -0.683963
v 10.319296 12.117341 -0.312941
v 11.983898 11.215376 -0.253699
v 12.830160 10.214491 -0.239135
v 13.759447 9.067757 -0.233311
v 14.323784 7.626588 -0.288796
v 14.498028 6.220475 -0.317311
v 14.482133 4.833094 -0.321452
v 14.577223 3.441247 -0.295725
v 14.835590 2.042823 -0.226054
v 15.289182 0.636547 -0.103844
vt 0.277932 0.947386
vt 0.225823 0.947386
vt 0.225823 0.850004
vt 0.277932 0.850004
vt 0.277932 0.168333
vt 0.225823 0.168333
vt 0.225823 0.070951
vt 0.277932 0.070951
vt 0.277932 0.265715
vt 0.225823 0.265715
vt 0.277932 0.363096
vt 0.225823 0.363096
vt 0.277932 0.460478
vt 0.225823 0.460478
vt 0.277932 0.557860
vt 0.225823 0.557860
vt 0.277932 0.655241
vt 0.225823 0.655241
vt 0.277932 0.752623
vt 0.225823 0.752623
vt 0.121604 0.850004
vt 0.121604 0.947386
vt 0.069494 0.947386
vt 0.069494 0.850004
vt 0.121604 0.752623
vt 0.069494 0.752623
vt 0.121604 0.655241
vt 0.069494 0.655241
vt 0.121604 0.557860
vt 0.069494 0.557860
vt 0.121604 0.460478
vt 0.069494 0.460478
vt 0.121604 0.363096
vt 0.069494 0.363096
vt 0.121604 0.265715
vt 0.069494 0.265715
vt 0.121604 0.168333
vt 0.069494 0.168333
vt 0.121604 0.070951
vt 0.069494 0.070951
vt 0.173713 0.850004
vt 0.173713 0.947386
vt 0.173713 0.752623
vt 0.173713 0.655241
vt 0.173713 0.557860
vt 0.173713 0.460478
vt 0.173713 0.363096
vt 0.173713 0.265715
vt 0.173713 0.168333
vt 0.173713 0.070951
vn -0.463238 -0.835506 0.295535
vn -0.460910 -0.829990 0.314130
vn -0.566329 -0.733790 0.375265
vn -0.603968 -0.700110 0.380879
vn -0.835764 -0.181914 0.518079
vn -0.825273 -0.172491 0.537747
vn -0.819489 -0.218274 0.529901
vn -0.828417 -0.222536 0.514006
vn -0.846852 -0.091522 0.523894
vn -0.835182 -0.087137 0.543027
vn -0.850610 -0.020366 0.525402
vn -0.838698 -0.019656 0.544242
vn -0.849380 -0.053891 0.525024
vn -0.837921 -0.053844 0.543129
vn -0.828371 -0.222771 0.513979
vn -0.816405 -0.227442 0.530804
vn -0.766853 -0.427936 0.478338
vn -0.750408 -0.442823 0.490710
vn -0.696497 -0.569514 0.436516
vn -0.688932 -0.565321 0.453636
vn -0.585048 -0.804711 -0.100788
vn -0.473739 -0.878424 -0.062793
vn -0.464797 -0.868957 -0.169935
vn -0.612308 -0.753173 -0.240436
vn -0.761473 -0.632137 -0.143394
vn -0.734807 -0.607798 -0.301065
vn -0.850262 -0.499204 -0.166885
vn -0.826569 -0.441644 -0.348904
vn -0.948544 -0.243950 -0.201873
vn -0.896860 -0.208624 -0.390024
vn -0.975660 -0.053410 -0.212683
vn -0.913515 -0.044325 -0.404383
vn -0.977039 -0.029104 -0.211062
vn -0.913775 -0.030296 -0.405090
vn -0.969965 -0.128613 -0.206463
vn -0.907911 -0.130804 -0.398230
vn -0.947474 -0.251415 -0.197697
vn -0.887506 -0.254851 -0.383907
vn -0.928854 -0.316348 -0.192754
vn -0.872384 -0.313944 -0.374682
vn -0.582350 -0.793758 0.175548
vn -0.476459 -0.871886 0.113150
vn -0.753480 -0.621997 0.213042
vn -0.832842 -0.498431 0.240710
vn -0.931333 -0.255063 0.259925
vn -0.963363 -0.058716 0.261697
vn -0.966490 -0.025237 0.255461
vn -0.960738 -0.112220 0.253751
vn -0.942650 -0.220726 0.250382
vn -0.920692 -0.272702 0.279212
s 1
g polySurface76 pPlane1
usemtl blinn1SG
f 938/1033/1081 977/1034/1082 978/1035/1083 956/1036/1084
f 942/1037/1085 985/1038/1086 986/1039/1087 940/1040/1088
f 944/1041/1089 984/1042/1090 985/1038/1086 942/1037/1085
f 946/1043/1091 983/1044/1092 984/1042/1090 944/1041/1089
f 948/1045/1093 982/1046/1094 983/1044/1092 946/1043/1091
f 950/1047/1095 981/1048/1096 982/1046/1094 948/1045/1093
f 952/1049/1097 980/1050/1098 981/1048/1096 950/1047/1095
f 954/1051/1099 979/1052/1100 980/1050/1098 952/1049/1097
f 956/1036/1084 978/1035/1083 979/1052/1100 954/1051/1099
f 958/1053/1101 957/1054/1102 937/1055/1103 955/1056/1104
f 959/1057/1105 958/1053/1101 955/1056/1104 953/1058/1106
f 960/1059/1107 959/1057/1105 953/1058/1106 951/1060/1108
f 961/1061/1109 960/1059/1107 951/1060/1108 949/1062/1110
f 962/1063/1111 961/1061/1109 949/1062/1110 947/1064/1112
f 963/1065/1113 962/1063/1111 947/1064/1112 945/1066/1114
f 964/1067/1115 963/1065/1113 945/1066/1114 943/1068/1116
f 965/1069/1117 964/1067/1115 943/1068/1116 941/1070/1118
f 966/1071/1119 965/1069/1117 941/1070/1118 939/1072/1120
f 968/1073/1121 967/1074/1122 957/1054/1102 958/1053/1101
f 969/1075/1123 968/1073/1121 958/1053/1101 959/1057/1105
f 970/1076/1124 969/1075/1123 959/1057/1105 960/1059/1107
f 971/1077/1125 970/1076/1124 960/1059/1107 961/1061/1109
f 972/1078/1126 971/1077/1125 961/1061/1109 962/1063/1111
f 973/1079/1127 972/1078/1126 962/1063/1111 963/1065/1113
f 974/1080/1128 973/1079/1127 963/1065/1113 964/1067/1115
f 975/1081/1129 974/1080/1128 964/1067/1115 965/1069/1117
f 976/1082/1130 975/1081/1129 965/1069/1117 966/1071/1119
f 978/1035/1083 977/1034/1082 967/1074/1122 968/1073/1121
f 979/1052/1100 978/1035/1083 968/1073/1121 969/1075/1123
f 980/1050/1098 979/1052/1100 969/1075/1123 970/1076/1124
f 981/1048/1096 980/1050/1098 970/1076/1124 971/1077/1125
f 982/1046/1094 981/1048/1096 971/1077/1125 972/1078/1126
f 983/1044/1092 982/1046/1094 972/1078/1126 973/1079/1127
f 984/1042/1090 983/1044/1092 973/1079/1127 974/1080/1128
f 985/1038/1086 984/1042/1090 974/1080/1128 975/1081/1129
f 986/1039/1087 985/1038/1086 975/1081/1129 976/1082/1130
g default
v 15.592842 0.706755 -1.151132
v 15.534812 0.706755 -1.265023
v 15.444427 0.706755 -1.355408
v 15.330536 0.706755 -1.413439
v 15.204286 0.706755 -1.433434
v 15.078037 0.706755 -1.413439
v 14.964146 0.706755 -1.355408
v 14.873761 0.706755 -1.265023
v 14.815731 0.706755 -1.151132
v 14.795735 0.706755 -1.024883
v 14.815731 0.706755 -0.898633
v 14.873761 0.706755 -0.784742
v 14.964146 0.706755 -0.694358
v 15.078037 0.706755 -0.636327
v 15.204286 0.706755 -0.616331
v 15.330536 0.706755 -0.636327
v 15.444427 0.706755 -0.694358
v 15.534811 0.706755 -0.784742
v 15.592842 0.706755 -0.898633
v 15.612838 0.706755 -1.024883
v 15.597066 29.993245 -1.149553
v 15.539036 29.993245 -1.263444
v 15.448651 29.993245 -1.353829
v 15.334760 29.993245 -1.411859
v 15.208510 29.993245 -1.431855
v 15.082261 29.993245 -1.411859
v 14.968370 29.993245 -1.353829
v 14.877985 29.993245 -1.263444
v 14.819955 29.993245 -1.149553
v 14.799959 29.993245 -1.023303
v 14.819955 29.993245 -0.897054
v 14.877985 29.993245 -0.783163
v 14.968370 29.993245 -0.692778
v 15.082261 29.993245 -0.634748
v 15.208510 29.993245 -0.614752
v 15.334760 29.993245 -0.634748
v 15.448651 29.993245 -0.692778
v 15.539035 29.993245 -0.783163
v 15.597066 29.993245 -0.897054
v 15.617062 29.993245 -1.023303
v 15.204286 0.706755 -1.024883
v 15.208510 29.993245 -1.023303
v 15.592842 3.970608 -1.151132
v 15.534812 3.970608 -1.265023
v 15.444427 3.970608 -1.355408
v 15.330536 3.970608 -1.413439
v 15.204286 3.970608 -1.433434
v 15.078037 3.970608 -1.413439
v 14.964146 3.970608 -1.355408
v 14.873761 3.970608 -1.265023
v 14.815731 3.970608 -1.151132
v 14.795735 3.970608 -1.024883
v 14.815731 3.970608 -0.898633
v 14.873761 3.970608 -0.784742
v 14.964146 3.970608 -0.694358
v 15.078037 3.970608 -0.636327
v 15.204286 3.970608 -0.616331
v 15.330536 3.970608 -0.636327
v 15.444427 3.970608 -0.694358
v 15.534811 3.970608 -0.784742
v 15.592842 3.970608 -0.898633
v 15.612838 3.970608 -1.024883
v 15.714369 7.234465 -1.151132
v 15.656338 7.234465 -1.265023
v 15.565954 7.234465 -1.355408
v 15.452062 7.234465 -1.413439
v 15.325813 7.234465 -1.433434
v 15.199563 7.234465 -1.413439
v 15.085672 7.234465 -1.355408
v 14.995288 7.234465 -1.265023
v 14.937257 7.234465 -1.151132
v 14.917261 7.234465 -1.024883
v 14.937257 7.234465 -0.898633
v 14.995288 7.234465 -0.784742
v 15.085672 7.234465 -0.694358
v 15.199563 7.234465 -0.636327
v 15.325813 7.234465 -0.616331
v 15.452062 7.234465 -0.636327
v 15.565953 7.234465 -0.694358
v 15.656338 7.234465 -0.784742
v 15.714368 7.234465 -0.898633
v 15.734364 7.234465 -1.024883
v 15.966646 10.498318 -1.151132
v 15.908615 10.498318 -1.265023
v 15.818231 10.498318 -1.355408
v 15.704339 10.498318 -1.413439
v 15.578090 10.498318 -1.433434
v 15.451841 10.498318 -1.413439
v 15.337949 10.498318 -1.355408
v 15.247565 10.498318 -1.265023
v 15.189534 10.498318 -1.151132
v 15.169538 10.498318 -1.024883
v 15.189534 10.498318 -0.898633
v 15.247565 10.498318 -0.784742
v 15.337949 10.498318 -0.694358
v 15.451841 10.498318 -0.636327
v 15.578090 10.498318 -0.616331
v 15.704339 10.498318 -0.636327
v 15.818231 10.498318 -0.694358
v 15.908615 10.498318 -0.784742
v 15.966646 10.498318 -0.898633
v 15.986642 10.498318 -1.024883
v 16.116245 13.762183 -1.151132
v 16.058214 13.762183 -1.265023
v 15.967830 13.762183 -1.355408
v 15.853938 13.762183 -1.413439
v 15.727689 13.762183 -1.433434
v 15.601439 13.762183 -1.413439
v 15.487548 13.762183 -1.355408
v 15.397164 13.762183 -1.265023
v 15.339133 13.762183 -1.151132
v 15.319137 13.762183 -1.024883
v 15.339133 13.762183 -0.898633
v 15.397164 13.762183 -0.784742
v 15.487548 13.762183 -0.694358
v 15.601440 13.762183 -0.636327
v 15.727689 13.762183 -0.616331
v 15.853938 13.762183 -0.636327
v 15.967829 13.762183 -0.694358
v 16.058214 13.762183 -0.784742
v 16.116245 13.762183 -0.898633
v 16.136241 13.762183 -1.024883
v 15.872669 17.026040 -1.151132
v 15.814638 17.026040 -1.265023
v 15.724254 17.026040 -1.355408
v 15.610362 17.026040 -1.413439
v 15.484113 17.026040 -1.433434
v 15.357864 17.026040 -1.413439
v 15.243972 17.026040 -1.355408
v 15.153588 17.026040 -1.265023
v 15.095557 17.026040 -1.151132
v 15.075561 17.026040 -1.024883
v 15.095557 17.026040 -0.898633
v 15.153588 17.026040 -0.784742
v 15.243972 17.026040 -0.694358
v 15.357864 17.026040 -0.636327
v 15.484113 17.026040 -0.616331
v 15.610362 17.026040 -0.636327
v 15.724254 17.026040 -0.694358
v 15.814638 17.026040 -0.784742
v 15.872669 17.026040 -0.898633
v 15.892665 17.026040 -1.024883
v 15.539275 20.289895 -1.151132
v 15.481245 20.289895 -1.265023
v 15.390860 20.289895 -1.355408
v 15.276969 20.289895 -1.413439
v 15.150719 20.289895 -1.433434
v 15.024470 20.289895 -1.413439
v 14.910578 20.289895 -1.355408
v 14.820194 20.289895 -1.265023
v 14.762163 20.289895 -1.151132
v 14.742167 20.289895 -1.024883
v 14.762163 20.289895 -0.898633
v 14.820194 20.289895 -0.784742
v 14.910578 20.289895 -0.694358
v 15.024470 20.289895 -0.636327
v 15.150719 20.289895 -0.616331
v 15.276968 20.289895 -0.636327
v 15.390860 20.289895 -0.694358
v 15.481244 20.289895 -0.784742
v 15.539275 20.289895 -0.898633
v 15.559271 20.289895 -1.024883
v 15.415611 23.553746 -1.151132
v 15.357581 23.553746 -1.265023
v 15.267196 23.553746 -1.355408
v 15.153305 23.553746 -1.413439
v 15.027055 23.553746 -1.433434
v 14.900806 23.553746 -1.413439
v 14.786915 23.553746 -1.355408
v 14.696530 23.553746 -1.265023
v 14.638499 23.553746 -1.151132
v 14.618504 23.553746 -1.024883
v 14.638499 23.553746 -0.898633
v 14.696530 23.553746 -0.784742
v 14.786915 23.553746 -0.694358
v 14.900806 23.553746 -0.636327
v 15.027055 23.553746 -0.616331
v 15.153305 23.553746 -0.636327
v 15.267196 23.553746 -0.694358
v 15.357580 23.553746 -0.784742
v 15.415611 23.553746 -0.898633
v 15.435607 23.553746 -1.024883
v 15.592842 26.817605 -1.151132
v 15.534812 26.817605 -1.265023
v 15.444427 26.817605 -1.355408
v 15.330536 26.817605 -1.413439
v 15.204286 26.817605 -1.433434
v 15.078037 26.817605 -1.413439
v 14.964146 26.817605 -1.355408
v 14.873761 26.817605 -1.265023
v 14.815731 26.817605 -1.151132
v 14.795735 26.817605 -1.024883
v 14.815731 26.817605 -0.898633
v 14.873761 26.817605 -0.784742
v 14.964146 26.817605 -0.694358
v 15.078037 26.817605 -0.636327
v 15.204286 26.817605 -0.616331
v 15.330536 26.817605 -0.636327
v 15.444427 26.817605 -0.694358
v 15.534811 26.817605 -0.784742
v 15.592842 26.817605 -0.898633
v 15.612838 26.817605 -1.024883
vt 0.496819 0.707201
vt 0.432305 0.706555
vt 0.439919 0.792904
vt 0.486804 0.795063
vt 0.435643 0.706401
vt 0.442587 0.791452
vt 0.439000 0.706224
vt 0.445189 0.790205
vt 0.442375 0.706038
vt 0.447733 0.789160
vt 0.445766 0.705860
vt 0.450226 0.788308
vt 0.449171 0.705703
vt 0.452673 0.787637
vt 0.452587 0.705580
vt 0.455080 0.787139
vt 0.456013 0.705500
vt 0.457455 0.786803
vt 0.459445 0.705470
vt 0.459808 0.786620
vt 0.462879 0.705492
vt 0.462147 0.786587
vt 0.466312 0.705565
vt 0.464483 0.786701
vt 0.469741 0.705686
vt 0.466826 0.786962
vt 0.473163 0.705848
vt 0.469185 0.787374
vt 0.476576 0.706042
vt 0.471568 0.787943
vt 0.479979 0.706256
vt 0.473985 0.788677
vt 0.483372 0.706477
vt 0.476440 0.789584
vt 0.486753 0.706694
vt 0.478940 0.790673
vt 0.490121 0.706894
vt 0.481493 0.791948
vt 0.493477 0.707066
vt 0.484110 0.793410
vt 0.445842 0.023645
vt 0.492897 0.022457
vt 0.468009 0.019011
vt 0.448462 0.025097
vt 0.451019 0.026363
vt 0.453522 0.027441
vt 0.455982 0.028338
vt 0.458404 0.029063
vt 0.460794 0.029624
vt 0.463161 0.030030
vt 0.465514 0.030286
vt 0.467860 0.030397
vt 0.470210 0.030363
vt 0.472572 0.030181
vt 0.474957 0.029847
vt 0.477373 0.029353
vt 0.479827 0.028687
vt 0.482325 0.027841
vt 0.484874 0.026802
vt 0.487479 0.025563
vt 0.490150 0.024117
vt 0.461994 0.797990
vt 0.436680 0.110432
vt 0.500955 0.110832
vt 0.440037 0.110546
vt 0.443406 0.110651
vt 0.446786 0.110743
vt 0.450175 0.110824
vt 0.453572 0.110896
vt 0.456974 0.110959
vt 0.460380 0.111015
vt 0.463789 0.111065
vt 0.467198 0.111110
vt 0.470607 0.111146
vt 0.474013 0.111174
vt 0.477415 0.111189
vt 0.480811 0.111189
vt 0.484200 0.111171
vt 0.487579 0.111133
vt 0.490946 0.111076
vt 0.494300 0.111002
vt 0.497637 0.110917
vt 0.436663 0.196090
vt 0.499808 0.196601
vt 0.439985 0.195992
vt 0.443306 0.195859
vt 0.446627 0.195708
vt 0.449947 0.195556
vt 0.453270 0.195422
vt 0.456594 0.195320
vt 0.459919 0.195264
vt 0.463247 0.195260
vt 0.466574 0.195314
vt 0.469900 0.195420
vt 0.473223 0.195571
vt 0.476545 0.195755
vt 0.479866 0.195955
vt 0.483186 0.196154
vt 0.486508 0.196334
vt 0.489832 0.196478
vt 0.493157 0.196575
vt 0.496483 0.196617
vt 0.436093 0.281228
vt 0.499176 0.281728
vt 0.439414 0.281121
vt 0.442733 0.280976
vt 0.446051 0.280811
vt 0.449369 0.280645
vt 0.452688 0.280497
vt 0.456009 0.280383
vt 0.459332 0.280319
vt 0.462656 0.280312
vt 0.465980 0.280365
vt 0.469302 0.280477
vt 0.472621 0.280637
vt 0.475938 0.280832
vt 0.479253 0.281045
vt 0.482569 0.281256
vt 0.485886 0.281447
vt 0.489206 0.281601
vt 0.492528 0.281704
vt 0.495852 0.281747
vt 0.435369 0.365543
vt 0.498686 0.365975
vt 0.438694 0.365600
vt 0.442019 0.365666
vt 0.445346 0.365736
vt 0.448677 0.365807
vt 0.452011 0.365874
vt 0.455350 0.365932
vt 0.458693 0.365978
vt 0.462038 0.366009
vt 0.465383 0.366026
vt 0.468726 0.366028
vt 0.472066 0.366018
vt 0.475402 0.365999
vt 0.478733 0.365975
vt 0.482061 0.365952
vt 0.485387 0.365934
vt 0.488713 0.365925
vt 0.492038 0.365927
vt 0.495362 0.365944
vt 0.434915 0.450012
vt 0.497945 0.450377
vt 0.438231 0.450227
vt 0.441542 0.450497
vt 0.444851 0.450795
vt 0.448159 0.451095
vt 0.451471 0.451369
vt 0.454787 0.451591
vt 0.458108 0.451743
vt 0.461433 0.451811
vt 0.464758 0.451792
vt 0.468081 0.451688
vt 0.471400 0.451514
vt 0.474715 0.451289
vt 0.478028 0.451038
vt 0.481341 0.450788
vt 0.484656 0.450567
vt 0.487975 0.450399
vt 0.491297 0.450305
vt 0.494622 0.450296
vt 0.434326 0.535416
vt 0.497296 0.535796
vt 0.437642 0.535595
vt 0.440953 0.535817
vt 0.444262 0.536061
vt 0.447569 0.536305
vt 0.450877 0.536527
vt 0.454188 0.536709
vt 0.457501 0.536834
vt 0.460817 0.536893
vt 0.464134 0.536882
vt 0.467449 0.536805
vt 0.470762 0.536672
vt 0.474073 0.536498
vt 0.477383 0.536302
vt 0.480695 0.536107
vt 0.484009 0.535934
vt 0.487327 0.535804
vt 0.490649 0.535731
vt 0.493973 0.535728
vt 0.433636 0.620987
vt 0.496737 0.621447
vt 0.436960 0.620993
vt 0.440283 0.620994
vt 0.443603 0.620993
vt 0.446922 0.620992
vt 0.450240 0.620992
vt 0.453557 0.620998
vt 0.456874 0.621009
vt 0.460191 0.621028
vt 0.463507 0.621056
vt 0.466825 0.621090
vt 0.470143 0.621130
vt 0.473462 0.621176
vt 0.476782 0.621224
vt 0.480105 0.621272
vt 0.483430 0.621319
vt 0.486757 0.621361
vt 0.490085 0.621398
vt 0.493413 0.621427
vt 0.428987 0.706667
vt 0.437174 0.794569
vt 0.430311 0.620973
vt 0.431005 0.535295
vt 0.431595 0.449869
vt 0.432045 0.365497
vt 0.432770 0.281284
vt 0.433340 0.196142
vt 0.433338 0.110311
vt 0.443144 0.022001
vn 0.950967 -0.026662 -0.308141
vn 0.809722 -0.022650 -0.586377
vn 0.809086 -0.000784 -0.587689
vn 0.951083 -0.001111 -0.308932
vn 0.589444 -0.016434 -0.807642
vn 0.587895 -0.000380 -0.808937
vn 0.311417 -0.008601 -0.950235
vn 0.309151 0.000062 -0.951013
vn 0.002673 0.000097 -0.999996
vn 0.000132 0.000497 -1.000000
vn -0.306581 0.008813 -0.951804
vn -0.308912 0.000884 -0.951090
vn -0.585944 0.016687 -0.810179
vn -0.587722 0.001184 -0.809062
vn -0.807871 0.022932 -0.588914
vn -0.808994 0.001368 -0.587815
vn -0.950450 0.026917 -0.309710
vn -0.951057 0.001419 -0.309011
vn -0.999601 0.028240 -0.000024
vn -0.999999 0.001330 0.000049
vn -0.950468 0.026766 0.309667
vn -0.951029 0.001111 0.309101
vn -0.807899 0.022644 0.588885
vn -0.808948 0.000784 0.587881
vn -0.585971 0.016290 0.810168
vn -0.587675 0.000379 0.809097
vn -0.306597 0.008347 0.951803
vn -0.308882 -0.000062 0.951100
vn 0.002673 -0.000394 0.999996
vn 0.000132 -0.000498 1.000000
vn 0.311430 -0.009068 0.950226
vn 0.309122 -0.000884 0.951022
vn 0.589464 -0.016831 0.807619
vn 0.587848 -0.001184 0.808970
vn 0.809740 -0.022938 0.586341
vn 0.809038 -0.001368 0.587754
vn 0.950977 -0.026813 0.308096
vn 0.951054 -0.001419 0.309023
vn 0.999605 -0.028094 -0.000024
vn 0.999999 -0.001330 0.000050
vn 0.000000 -1.000000 0.000000
vn 0.000000 -1.000000 0.000000
vn 0.000000 -1.000000 -0.000000
vn 0.000000 -1.000000 0.000000
vn 0.000000 -1.000000 0.000000
vn 0.000000 -1.000000 0.000000
vn 0.000000 -1.000000 0.000000
vn 0.000000 -1.000000 0.000000
vn 0.000000 -1.000000 0.000000
vn 0.000000 -1.000000 0.000000
vn 0.000000 -1.000000 0.000000
vn 0.000000 -1.000000 0.000000
vn 0.000000 -1.000000 0.000000
vn 0.000000 -1.000000 -0.000000
vn 0.000000 -1.000000 -0.000000
vn 0.000000 -1.000000 -0.000000
vn 0.000000 -1.000000 -0.000000
vn 0.000000 -1.000000 0.000000
vn 0.000000 -1.000000 -0.000000
vn 0.000000 -1.000000 -0.000000
vn 0.000000 -1.000000 0.000000
vn 0.000000 1.000000 0.000000
vn 0.000000 1.000000 0.000000
vn 0.000000 1.000000 -0.000000
vn 0.000000 1.000000 0.000000
vn 0.000000 1.000000 0.000000
vn 0.000000 1.000000 0.000000
vn 0.000000 1.000000 0.000000
vn 0.000000 1.000000 0.000000
vn 0.000000 1.000000 0.000000
vn 0.000000 1.000000 0.000000
vn 0.000000 1.000000 0.000000
vn 0.000000 1.000000 0.000000
vn 0.000000 1.000000 0.000000
vn 0.000000 1.000000 -0.000009
vn 0.000000 1.000000 -0.000005
vn 0.000000 1.000000 0.000002
vn 0.000000 1.000000 0.000002
vn 0.000000 1.000000 0.000005
vn 0.000000 1.000000 0.000000
vn 0.000000 1.000000 0.000000
vn 0.000000 1.000000 0.000000
vn 0.951057 0.000000 -0.309016
vn 0.809017 -0.000000 -0.587785
vn 0.808286 -0.015059 -0.588598
vn 0.950731 -0.017728 -0.309511
vn 0.587785 -0.000000 -0.809017
vn 0.586538 -0.010909 -0.809848
vn 0.309017 0.000000 -0.951057
vn 0.307336 -0.005694 -0.951584
vn -0.000000 -0.000000 -1.000000
vn -0.001853 0.000069 -0.999998
vn -0.309017 -0.000000 -0.951056
vn -0.310689 0.005812 -0.950494
vn -0.587785 -0.000000 -0.809017
vn -0.588964 0.010975 -0.808085
vn -0.809017 -0.000000 -0.587785
vn -0.809566 0.015061 -0.586836
vn -0.951057 -0.000000 -0.309017
vn -0.951085 0.017678 -0.308423
vn -1.000000 0.000000 0.000000
vn -0.999827 0.018579 -0.000000
vn -0.951057 0.000000 0.309017
vn -0.951085 0.017678 0.308423
vn -0.809017 0.000000 0.587785
vn -0.809566 0.015061 0.586836
vn -0.587785 0.000000 0.809017
vn -0.588963 0.010975 0.808085
vn -0.309017 0.000000 0.951057
vn -0.310688 0.005812 0.950494
vn 0.000000 0.000000 1.000000
vn -0.001853 0.000069 0.999998
vn 0.309017 0.000000 0.951056
vn 0.307336 -0.005694 0.951584
vn 0.587785 0.000000 0.809017
vn 0.586538 -0.010909 0.809848
vn 0.809017 0.000000 0.587785
vn 0.808286 -0.015059 0.588598
vn 0.951057 0.000000 0.309017
vn 0.950730 -0.017728 0.309512
vn 1.000000 0.000000 0.000001
vn 0.999826 -0.018648 0.000001
vn 0.807465 -0.046274 -0.588097
vn 0.949456 -0.054462 -0.309139
vn 0.586156 -0.033531 -0.809504
vn 0.307173 -0.017498 -0.951493
vn -0.001988 0.000228 -0.999998
vn -0.310766 0.017888 -0.950318
vn -0.588751 0.033750 -0.807609
vn -0.808836 0.046282 -0.586210
vn -0.949843 0.054300 -0.307977
vn -0.998371 0.057057 -0.000000
vn -0.949843 0.054300 0.307977
vn -0.808836 0.046282 0.586210
vn -0.588751 0.033750 0.807610
vn -0.310766 0.017888 0.950318
vn -0.001988 0.000228 0.999998
vn 0.307173 -0.017498 0.951493
vn 0.586156 -0.033531 0.809504
vn 0.807466 -0.046274 0.588097
vn 0.949456 -0.054462 0.309140
vn 0.998358 -0.057284 0.000001
vn 0.808553 -0.049748 -0.586316
vn 0.949583 -0.058383 -0.308031
vn 0.588419 -0.036255 -0.807743
vn 0.310371 -0.019186 -0.950422
vn 0.001560 -0.000192 -0.999999
vn -0.307552 0.018856 -0.951345
vn -0.586384 0.036071 -0.809230
vn -0.807478 0.049742 -0.587797
vn -0.949278 0.058520 -0.308944
vn -0.998104 0.061544 -0.000000
vn -0.949278 0.058520 0.308944
vn -0.807478 0.049742 0.587797
vn -0.586383 0.036071 0.809230
vn -0.307552 0.018856 0.951345
vn 0.001561 -0.000192 0.999999
vn 0.310372 -0.019186 0.950422
vn 0.588419 -0.036256 0.807743
vn 0.808553 -0.049748 0.586316
vn 0.949583 -0.058383 0.308032
vn 0.998116 -0.061352 0.000001
vn 0.811036 0.011649 -0.584881
vn 0.951542 0.013629 -0.307218
vn 0.591690 0.008545 -0.806120
vn 0.314436 0.004597 -0.949268
vn 0.005990 0.000172 -0.999982
vn -0.303602 -0.004301 -0.952789
vn -0.583852 -0.008379 -0.811817
vn -0.806899 -0.011643 -0.590575
vn -0.950397 -0.013752 -0.310736
vn -0.999895 -0.014480 0.000000
vn -0.950397 -0.013752 0.310736
vn -0.806899 -0.011643 0.590575
vn -0.583852 -0.008379 0.811817
vn -0.303602 -0.004301 0.952789
vn 0.005990 0.000172 0.999982
vn 0.314436 0.004597 0.949267
vn 0.591690 0.008545 0.806120
vn 0.811036 0.011649 0.584881
vn 0.951541 0.013629 0.307219
vn 0.999898 0.014309 0.000001
vn 0.807424 0.071329 -0.585644
vn 0.947850 0.083681 -0.307535
vn 0.587878 0.051998 -0.807277
vn 0.310129 0.027509 -0.950296
vn 0.001359 0.000241 -0.999999
vn -0.307675 -0.027097 -0.951106
vn -0.586110 -0.051768 -0.808576
vn -0.806490 -0.071321 -0.586931
vn -0.947578 -0.083851 -0.308325
vn -0.996106 -0.088164 0.000000
vn -0.947578 -0.083851 0.308325
vn -0.806490 -0.071321 0.586931
vn -0.586110 -0.051768 0.808576
vn -0.307675 -0.027097 0.951106
vn 0.001360 0.000241 0.999999
vn 0.310129 0.027509 0.950296
vn 0.587878 0.051998 0.807277
vn 0.807424 0.071329 0.585644
vn 0.947850 0.083681 0.307536
vn 0.996127 0.087925 0.000001
vn 0.806628 0.056547 -0.588349
vn 0.948643 0.066602 -0.309258
vn 0.585215 0.040907 -0.809846
vn 0.306071 0.021250 -0.951772
vn -0.003183 -0.000446 -0.999995
vn -0.311821 -0.022014 -0.949886
vn -0.589365 -0.041335 -0.806809
vn -0.808820 -0.056563 -0.585330
vn -0.949268 -0.066285 -0.307403
vn -0.997573 -0.069625 0.000000
vn -0.949268 -0.066285 0.307403
vn -0.808819 -0.056563 0.585330
vn -0.589364 -0.041335 0.806809
vn -0.311821 -0.022014 0.949886
vn -0.003183 -0.000446 0.999995
vn 0.306071 0.021250 0.951771
vn 0.585215 0.040907 0.809846
vn 0.806628 0.056547 0.588349
vn 0.948643 0.066602 0.309259
vn 0.997542 0.070068 0.000001
vn 0.807418 -0.006637 -0.589943
vn 0.950591 -0.007831 -0.310348
vn 0.584781 -0.004787 -0.811177
vn 0.304870 -0.002471 -0.952391
vn -0.004587 0.000075 -0.999990
vn -0.313168 0.002600 -0.949694
vn -0.590784 0.004860 -0.806815
vn -0.810587 0.006640 -0.585581
vn -0.951467 0.007777 -0.307653
vn -0.999967 0.008168 0.000000
vn -0.951467 0.007777 0.307653
vn -0.810587 0.006640 0.585581
vn -0.590784 0.004860 0.806815
vn -0.313167 0.002600 0.949694
vn -0.004587 0.000075 0.999990
vn 0.304870 -0.002471 0.952391
vn 0.584781 -0.004787 0.811177
vn 0.807418 -0.006637 0.589943
vn 0.950591 -0.007831 0.310349
vn 0.999966 -0.008243 0.000001
s 1
g pCylinder2
usemtl lambert2SG
f 1169/1285/1131 1170/1084/1132 1008/1085/1133 1007/1286/1134
f 1170/1084/1132 1171/1087/1135 1009/1088/1136 1008/1085/1133
f 1171/1087/1135 1172/1089/1137 1010/1090/1138 1009/1088/1136
f 1172/1089/1137 1173/1091/1139 1011/1092/1140 1010/1090/1138
f 1173/1091/1139 1174/1093/1141 1012/1094/1142 1011/1092/1140
f 1174/1093/1141 1175/1095/1143 1013/1096/1144 1012/1094/1142
f 1175/1095/1143 1176/1097/1145 1014/1098/1146 1013/1096/1144
f 1176/1097/1145 1177/1099/1147 1015/1100/1148 1014/1098/1146
f 1177/1099/1147 1178/1101/1149 1016/1102/1150 1015/1100/1148
f 1178/1101/1149 1179/1103/1151 1017/1104/1152 1016/1102/1150
f 1179/1103/1151 1180/1105/1153 1018/1106/1154 1017/1104/1152
f 1180/1105/1153 1181/1107/1155 1019/1108/1156 1018/1106/1154
f 1181/1107/1155 1182/1109/1157 1020/1110/1158 1019/1108/1156
f 1182/1109/1157 1183/1111/1159 1021/1112/1160 1020/1110/1158
f 1183/1111/1159 1184/1113/1161 1022/1114/1162 1021/1112/1160
f 1184/1113/1161 1185/1115/1163 1023/1116/1164 1022/1114/1162
f 1185/1115/1163 1186/1117/1165 1024/1118/1166 1023/1116/1164
f 1186/1117/1165 1187/1119/1167 1025/1120/1168 1024/1118/1166
f 1187/1119/1167 1188/1121/1169 1026/1122/1170 1025/1120/1168
f 1188/1121/1169 1169/1083/1131 1007/1086/1134 1026/1122/1170
s 2
f 988/1123/1171 987/1294/1172 1027/1125/1173
f 989/1126/1174 988/1123/1171 1027/1125/1173
f 990/1127/1175 989/1126/1174 1027/1125/1173
f 991/1128/1176 990/1127/1175 1027/1125/1173
f 992/1129/1177 991/1128/1176 1027/1125/1173
f 993/1130/1178 992/1129/1177 1027/1125/1173
f 994/1131/1179 993/1130/1178 1027/1125/1173
f 995/1132/1180 994/1131/1179 1027/1125/1173
f 996/1133/1181 995/1132/1180 1027/1125/1173
f 997/1134/1182 996/1133/1181 1027/1125/1173
f 998/1135/1183 997/1134/1182 1027/1125/1173
f 999/1136/1184 998/1135/1183 1027/1125/1173
f 1000/1137/1185 999/1136/1184 1027/1125/1173
f 1001/1138/1186 1000/1137/1185 1027/1125/1173
f 1002/1139/1187 1001/1138/1186 1027/1125/1173
f 1003/1140/1188 1002/1139/1187 1027/1125/1173
f 1004/1141/1189 1003/1140/1188 1027/1125/1173
f 1005/1142/1190 1004/1141/1189 1027/1125/1173
f 1006/1143/1191 1005/1142/1190 1027/1125/1173
f 987/1124/1172 1006/1143/1191 1027/1125/1173
s 3
f 1007/1286/1192 1008/1085/1193 1028/1144/1194
f 1008/1085/1193 1009/1088/1195 1028/1144/1194
f 1009/1088/1195 1010/1090/1196 1028/1144/1194
f 1010/1090/1196 1011/1092/1197 1028/1144/1194
f 1011/1092/1197 1012/1094/1198 1028/1144/1194
f 1012/1094/1198 1013/1096/1199 1028/1144/1194
f 1013/1096/1199 1014/1098/1200 1028/1144/1194
f 1014/1098/1200 1015/1100/1201 1028/1144/1194
f 1015/1100/1201 1016/1102/1202 1028/1144/1194
f 1016/1102/1202 1017/1104/1203 1028/1144/1194
f 1017/1104/1203 1018/1106/1204 1028/1144/1194
f 1018/1106/1204 1019/1108/1205 1028/1144/1194
f 1019/1108/1205 1020/1110/1206 1028/1144/1194
f 1020/1110/1206 1021/1112/1207 1028/1144/1194
f 1021/1112/1207 1022/1114/1208 1028/1144/1194
f 1022/1114/1208 1023/1116/1209 1028/1144/1194
f 1023/1116/1209 1024/1118/1210 1028/1144/1194
f 1024/1118/1210 1025/1120/1211 1028/1144/1194
f 1025/1120/1211 1026/1122/1212 1028/1144/1194
f 1026/1122/1212 1007/1086/1192 1028/1144/1194
s 1
f 987/1294/1213 988/1123/1214 1030/1145/1215 1029/1293/1216
f 988/1123/1214 989/1126/1217 1031/1147/1218 1030/1145/1215
f 989/1126/1217 990/1127/1219 1032/1148/1220 1031/1147/1218
f 990/1127/1219 991/1128/1221 1033/1149/1222 1032/1148/1220
f 991/1128/1221 992/1129/1223 1034/1150/1224 1033/1149/1222
f 992/1129/1223 993/1130/1225 1035/1151/1226 1034/1150/1224
f 993/1130/1225 994/1131/1227 1036/1152/1228 1035/1151/1226
f 994/1131/1227 995/1132/1229 1037/1153/1230 1036/1152/1228
f 995/1132/1229 996/1133/1231 1038/1154/1232 1037/1153/1230
f 996/1133/1231 997/1134/1233 1039/1155/1234 1038/1154/1232
f 997/1134/1233 998/1135/1235 1040/1156/1236 1039/1155/1234
f 998/1135/1235 999/1136/1237 1041/1157/1238 1040/1156/1236
f 999/1136/1237 1000/1137/1239 1042/1158/1240 1041/1157/1238
f 1000/1137/1239 1001/1138/1241 1043/1159/1242 1042/1158/1240
f 1001/1138/1241 1002/1139/1243 1044/1160/1244 1043/1159/1242
f 1002/1139/1243 1003/1140/1245 1045/1161/1246 1044/1160/1244
f 1003/1140/1245 1004/1141/1247 1046/1162/1248 1045/1161/1246
f 1004/1141/1247 1005/1142/1249 1047/1163/1250 1046/1162/1248
f 1005/1142/1249 1006/1143/1251 1048/1164/1252 1047/1163/1250
f 1006/1143/1251 987/1124/1213 1029/1146/1216 1048/1164/1252
f 1029/1293/1216 1030/1145/1215 1050/1165/1253 1049/1292/1254
f 1030/1145/1215 1031/1147/1218 1051/1167/1255 1050/1165/1253
f 1031/1147/1218 1032/1148/1220 1052/1168/1256 1051/1167/1255
f 1032/1148/1220 1033/1149/1222 1053/1169/1257 1052/1168/1256
f 1033/1149/1222 1034/1150/1224 1054/1170/1258 1053/1169/1257
f 1034/1150/1224 1035/1151/1226 1055/1171/1259 1054/1170/1258
f 1035/1151/1226 1036/1152/1228 1056/1172/1260 1055/1171/1259
f 1036/1152/1228 1037/1153/1230 1057/1173/1261 1056/1172/1260
f 1037/1153/1230 1038/1154/1232 1058/1174/1262 1057/1173/1261
f 1038/1154/1232 1039/1155/1234 1059/1175/1263 1058/1174/1262
f 1039/1155/1234 1040/1156/1236 1060/1176/1264 1059/1175/1263
f 1040/1156/1236 1041/1157/1238 1061/1177/1265 1060/1176/1264
f 1041/1157/1238 1042/1158/1240 1062/1178/1266 1061/1177/1265
f 1042/1158/1240 1043/1159/1242 1063/1179/1267 1062/1178/1266
f 1043/1159/1242 1044/1160/1244 1064/1180/1268 1063/1179/1267
f 1044/1160/1244 1045/1161/1246 1065/1181/1269 1064/1180/1268
f 1045/1161/1246 1046/1162/1248 1066/1182/1270 1065/1181/1269
f 1046/1162/1248 1047/1163/1250 1067/1183/1271 1066/1182/1270
f 1047/1163/1250 1048/1164/1252 1068/1184/1272 1067/1183/1271
f 1048/1164/1252 1029/1146/1216 1049/1166/1254 1068/1184/1272
f 1049/1292/1254 1050/1165/1253 1070/1185/1273 1069/1291/1274
f 1050/1165/1253 1051/1167/1255 1071/1187/1275 1070/1185/1273
f 1051/1167/1255 1052/1168/1256 1072/1188/1276 1071/1187/1275
f 1052/1168/1256 1053/1169/1257 1073/1189/1277 1072/1188/1276
f 1053/1169/1257 1054/1170/1258 1074/1190/1278 1073/1189/1277
f 1054/1170/1258 1055/1171/1259 1075/1191/1279 1074/1190/1278
f 1055/1171/1259 1056/1172/1260 1076/1192/1280 1075/1191/1279
f 1056/1172/1260 1057/1173/1261 1077/1193/1281 1076/1192/1280
f 1057/1173/1261 1058/1174/1262 1078/1194/1282 1077/1193/1281
f 1058/1174/1262 1059/1175/1263 1079/1195/1283 1078/1194/1282
f 1059/1175/1263 1060/1176/1264 1080/1196/1284 1079/1195/1283
f 1060/1176/1264 1061/1177/1265 1081/1197/1285 1080/1196/1284
f 1061/1177/1265 1062/1178/1266 1082/1198/1286 1081/1197/1285
f 1062/1178/1266 1063/1179/1267 1083/1199/1287 1082/1198/1286
f 1063/1179/1267 1064/1180/1268 1084/1200/1288 1083/1199/1287
f 1064/1180/1268 1065/1181/1269 1085/1201/1289 1084/1200/1288
f 1065/1181/1269 1066/1182/1270 1086/1202/1290 1085/1201/1289
f 1066/1182/1270 1067/1183/1271 1087/1203/1291 1086/1202/1290
f 1067/1183/1271 1068/1184/1272 1088/1204/1292 1087/1203/1291
f 1068/1184/1272 1049/1166/1254 1069/1186/1274 1088/1204/1292
f 1069/1291/1274 1070/1185/1273 1090/1205/1293 1089/1290/1294
f 1070/1185/1273 1071/1187/1275 1091/1207/1295 1090/1205/1293
f 1071/1187/1275 1072/1188/1276 1092/1208/1296 1091/1207/1295
f 1072/1188/1276 1073/1189/1277 1093/1209/1297 1092/1208/1296
f 1073/1189/1277 1074/1190/1278 1094/1210/1298 1093/1209/1297
f 1074/1190/1278 1075/1191/1279 1095/1211/1299 1094/1210/1298
f 1075/1191/1279 1076/1192/1280 1096/1212/1300 1095/1211/1299
f 1076/1192/1280 1077/1193/1281 1097/1213/1301 1096/1212/1300
f 1077/1193/1281 1078/1194/1282 1098/1214/1302 1097/1213/1301
f 1078/1194/1282 1079/1195/1283 1099/1215/1303 1098/1214/1302
f 1079/1195/1283 1080/1196/1284 1100/1216/1304 1099/1215/1303
f 1080/1196/1284 1081/1197/1285 1101/1217/1305 1100/1216/1304
f 1081/1197/1285 1082/1198/1286 1102/1218/1306 1101/1217/1305
f 1082/1198/1286 1083/1199/1287 1103/1219/1307 1102/1218/1306
f 1083/1199/1287 1084/1200/1288 1104/1220/1308 1103/1219/1307
f 1084/1200/1288 1085/1201/1289 1105/1221/1309 1104/1220/1308
f 1085/1201/1289 1086/1202/1290 1106/1222/1310 1105/1221/1309
f 1086/1202/1290 1087/1203/1291 1107/1223/1311 1106/1222/1310
f 1087/1203/1291 1088/1204/1292 1108/1224/1312 1107/1223/1311
f 1088/1204/1292 1069/1186/1274 1089/1206/1294 1108/1224/1312
f 1089/1290/1294 1090/1205/1293 1110/1225/1313 1109/1289/1314
f 1090/1205/1293 1091/1207/1295 1111/1227/1315 1110/1225/1313
f 1091/1207/1295 1092/1208/1296 1112/1228/1316 1111/1227/1315
f 1092/1208/1296 1093/1209/1297 1113/1229/1317 1112/1228/1316
f 1093/1209/1297 1094/1210/1298 1114/1230/1318 1113/1229/1317
f 1094/1210/1298 1095/1211/1299 1115/1231/1319 1114/1230/1318
f 1095/1211/1299 1096/1212/1300 1116/1232/1320 1115/1231/1319
f 1096/1212/1300 1097/1213/1301 1117/1233/1321 1116/1232/1320
f 1097/1213/1301 1098/1214/1302 1118/1234/1322 1117/1233/1321
f 1098/1214/1302 1099/1215/1303 1119/1235/1323 1118/1234/1322
f 1099/1215/1303 1100/1216/1304 1120/1236/1324 1119/1235/1323
f 1100/1216/1304 1101/1217/1305 1121/1237/1325 1120/1236/1324
f 1101/1217/1305 1102/1218/1306 1122/1238/1326 1121/1237/1325
f 1102/1218/1306 1103/1219/1307 1123/1239/1327 1122/1238/1326
f 1103/1219/1307 1104/1220/1308 1124/1240/1328 1123/1239/1327
f 1104/1220/1308 1105/1221/1309 1125/1241/1329 1124/1240/1328
f 1105/1221/1309 1106/1222/1310 1126/1242/1330 1125/1241/1329
f 1106/1222/1310 1107/1223/1311 1127/1243/1331 1126/1242/1330
f 1107/1223/1311 1108/1224/1312 1128/1244/1332 1127/1243/1331
f 1108/1224/1312 1089/1206/1294 1109/1226/1314 1128/1244/1332
f 1109/1289/1314 1110/1225/1313 1130/1245/1333 1129/1288/1334
f 1110/1225/1313 1111/1227/1315 1131/1247/1335 1130/1245/1333
f 1111/1227/1315 1112/1228/1316 1132/1248/1336 1131/1247/1335
f 1112/1228/1316 1113/1229/1317 1133/1249/1337 1132/1248/1336
f 1113/1229/1317 1114/1230/1318 1134/1250/1338 1133/1249/1337
f 1114/1230/1318 1115/1231/1319 1135/1251/1339 1134/1250/1338
f 1115/1231/1319 1116/1232/1320 1136/1252/1340 1135/1251/1339
f 1116/1232/1320 1117/1233/1321 1137/1253/1341 1136/1252/1340
f 1117/1233/1321 1118/1234/1322 1138/1254/1342 1137/1253/1341
f 1118/1234/1322 1119/1235/1323 1139/1255/1343 1138/1254/1342
f 1119/1235/1323 1120/1236/1324 1140/1256/1344 1139/1255/1343
f 1120/1236/1324 1121/1237/1325 1141/1257/1345 1140/1256/1344
f 1121/1237/1325 1122/1238/1326 1142/1258/1346 1141/1257/1345
f 1122/1238/1326 1123/1239/1327 1143/1259/1347 1142/1258/1346
f 1123/1239/1327 1124/1240/1328 1144/1260/1348 1143/1259/1347
f 1124/1240/1328 1125/1241/1329 1145/1261/1349 1144/1260/1348
f 1125/1241/1329 1126/1242/1330 1146/1262/1350 1145/1261/1349
f 1126/1242/1330 1127/1243/1331 1147/1263/1351 1146/1262/1350
f 1127/1243/1331 1128/1244/1332 1148/1264/1352 1147/1263/1351
f 1128/1244/1332 1109/1226/1314 1129/1246/1334 1148/1264/1352
f 1129/1288/1334 1130/1245/1333 1150/1265/1353 1149/1287/1354
f 1130/1245/1333 1131/1247/1335 1151/1267/1355 1150/1265/1353
f 1131/1247/1335 1132/1248/1336 1152/1268/1356 1151/1267/1355
f 1132/1248/1336 1133/1249/1337 1153/1269/1357 1152/1268/1356
f 1133/1249/1337 1134/1250/1338 1154/1270/1358 1153/1269/1357
f 1134/1250/1338 1135/1251/1339 1155/1271/1359 1154/1270/1358
f 1135/1251/1339 1136/1252/1340 1156/1272/1360 1155/1271/1359
f 1136/1252/1340 1137/1253/1341 1157/1273/1361 1156/1272/1360
f 1137/1253/1341 1138/1254/1342 1158/1274/1362 1157/1273/1361
f 1138/1254/1342 1139/1255/1343 1159/1275/1363 1158/1274/1362
f 1139/1255/1343 1140/1256/1344 1160/1276/1364 1159/1275/1363
f 1140/1256/1344 1141/1257/1345 1161/1277/1365 1160/1276/1364
f 1141/1257/1345 1142/1258/1346 1162/1278/1366 1161/1277/1365
f 1142/1258/1346 1143/1259/1347 1163/1279/1367 1162/1278/1366
f 1143/1259/1347 1144/1260/1348 1164/1280/1368 1163/1279/1367
f 1144/1260/1348 1145/1261/1349 1165/1281/1369 1164/1280/1368
f 1145/1261/1349 1146/1262/1350 1166/1282/1370 1165/1281/1369
f 1146/1262/1350 1147/1263/1351 1167/1283/1371 1166/1282/1370
f 1147/1263/1351 1148/1264/1352 1168/1284/1372 1167/1283/1371
f 1148/1264/1352 1129/1246/1334 1149/1266/1354 1168/1284/1372
f 1149/1287/1354 1150/1265/1353 1170/1084/1132 1169/1285/1131
f 1150/1265/1353 1151/1267/1355 1171/1087/1135 1170/1084/1132
f 1151/1267/1355 1152/1268/1356 1172/1089/1137 1171/1087/1135
f 1152/1268/1356 1153/1269/1357 1173/1091/1139 1172/1089/1137
f 1153/1269/1357 1154/1270/1358 1174/1093/1141 1173/1091/1139
f 1154/1270/1358 1155/1271/1359 1175/1095/1143 1174/1093/1141
f 1155/1271/1359 1156/1272/1360 1176/1097/1145 1175/1095/1143
f 1156/1272/1360 1157/1273/1361 1177/1099/1147 1176/1097/1145
f 1157/1273/1361 1158/1274/1362 1178/1101/1149 1177/1099/1147
f 1158/1274/1362 1159/1275/1363 1179/1103/1151 1178/1101/1149
f 1159/1275/1363 1160/1276/1364 1180/1105/1153 1179/1103/1151
f 1160/1276/1364 1161/1277/1365 1181/1107/1155 1180/1105/1153
f 1161/1277/1365 1162/1278/1366 1182/1109/1157 1181/1107/1155
f 1162/1278/1366 1163/1279/1367 1183/1111/1159 1182/1109/1157
f 1163/1279/1367 1164/1280/1368 1184/1113/1161 1183/1111/1159
f 1164/1280/1368 1165/1281/1369 1185/1115/1163 1184/1113/1161
f 1165/1281/1369 1166/1282/1370 1186/1117/1165 1185/1115/1163
f 1166/1282/1370 1167/1283/1371 1187/1119/1167 1186/1117/1165
f 1167/1283/1371 1168/1284/1372 1188/1121/1169 1187/1119/1167
f 1168/1284/1372 1149/1266/1354 1169/1083/1131 1188/1121/1169
g default
v 18.334392 21.319895 2.103800
v 18.405835 21.509867 -2.759505
v 14.384420 0.484853 1.287924
v 14.455865 0.674828 -3.575380
v 15.181676 2.799847 1.647730
v 15.253132 2.989825 -3.215566
v 15.671107 5.114860 1.868712
v 15.742555 5.304837 -2.994594
v 15.903070 7.429865 1.973567
v 15.974515 7.619842 -2.889737
v 15.960012 9.744879 1.999488
v 16.031470 9.934854 -2.863808
v 15.875562 12.059881 1.961642
v 15.947027 12.249860 -2.901653
v 15.861197 14.374888 1.853640
v 15.932645 14.564861 -3.009663
v 16.222507 16.689890 1.890141
v 16.293965 16.879873 -2.973161
v 16.786918 19.004904 1.941656
v 16.858374 19.194883 -2.921639
v 19.133397 21.367388 0.885881
v 17.585926 19.052399 0.723739
v 17.021516 16.737387 0.672222
v 16.660203 14.422382 0.635721
v 16.674573 12.107376 0.743725
v 16.759021 9.792373 0.781571
v 16.702076 7.477359 0.755648
v 16.470114 5.162354 0.650792
v 15.980685 2.847341 0.429813
v 15.183426 0.532347 0.070004
v 19.378035 21.414881 -0.544094
v 17.830568 19.099893 -0.706233
v 17.266158 16.784882 -0.757751
v 16.904843 14.469875 -0.794253
v 16.919216 12.154871 -0.686247
v 17.003663 9.839867 -0.648402
v 16.946714 7.524854 -0.674327
v 16.714753 5.209848 -0.779182
v 16.225326 2.894836 -1.000160
v 15.428064 0.579840 -1.359970
v 18.882658 21.462374 -1.605068
v 17.335195 19.147388 -1.767204
v 16.770784 16.832376 -1.818724
v 16.409467 14.517368 -1.855226
v 16.423845 12.202366 -1.747218
v 16.508290 9.887360 -1.709373
v 16.451338 7.572348 -1.735300
v 16.219377 5.257342 -1.840156
v 15.729953 2.942330 -2.061131
v 14.932688 0.627334 -2.420943
vt 0.277932 0.947386
vt 0.225823 0.947386
vt 0.225823 0.850004
vt 0.277932 0.850004
vt 0.277932 0.168333
vt 0.225823 0.168333
vt 0.225823 0.070951
vt 0.277932 0.070951
vt 0.277932 0.265715
vt 0.225823 0.265715
vt 0.277932 0.363096
vt 0.225823 0.363096
vt 0.277932 0.460478
vt 0.225823 0.460478
vt 0.277932 0.557860
vt 0.225823 0.557860
vt 0.277932 0.655241
vt 0.225823 0.655241
vt 0.277932 0.752623
vt 0.225823 0.752623
vt 0.121604 0.850004
vt 0.121604 0.947386
vt 0.069494 0.947386
vt 0.069494 0.850004
vt 0.121604 0.752623
vt 0.069494 0.752623
vt 0.121604 0.655241
vt 0.069494 0.655241
vt 0.121604 0.557860
vt 0.069494 0.557860
vt 0.121604 0.460478
vt 0.069494 0.460478
vt 0.121604 0.363096
vt 0.069494 0.363096
vt 0.121604 0.265715
vt 0.069494 0.265715
vt 0.121604 0.168333
vt 0.069494 0.168333
vt 0.121604 0.070951
vt 0.069494 0.070951
vt 0.173713 0.850004
vt 0.173713 0.947386
vt 0.173713 0.752623
vt 0.173713 0.655241
vt 0.173713 0.557860
vt 0.173713 0.460478
vt 0.173713 0.363096
vt 0.173713 0.265715
vt 0.173713 0.168333
vt 0.173713 0.070951
vn 0.790667 -0.504200 -0.347316
vn 0.784413 -0.498498 -0.369048
vn 0.845983 -0.368133 -0.385735
vn 0.858291 -0.356443 -0.369168
vn 0.901022 -0.207902 -0.380706
vn 0.894158 -0.197894 -0.401645
vn 0.885574 -0.243504 -0.395556
vn 0.891683 -0.248258 -0.378509
vn 0.916093 -0.117935 -0.383230
vn 0.907803 -0.112923 -0.403910
vn 0.922562 -0.046958 -0.382982
vn 0.913856 -0.045612 -0.403469
vn 0.924327 0.005120 -0.381567
vn 0.915626 0.004386 -0.402007
vn 0.924342 0.006769 -0.381505
vn 0.915751 0.006897 -0.401688
vn 0.920494 -0.075887 -0.383317
vn 0.912336 -0.074515 -0.402604
vn 0.907817 -0.172889 -0.382072
vn 0.899410 -0.172188 -0.401763
vn 0.851150 -0.411713 0.325632
vn 0.791669 -0.548101 0.269901
vn 0.725036 -0.516560 0.455510
vn 0.787458 -0.356658 0.502698
vn 0.915051 -0.190582 0.355473
vn 0.826674 -0.172430 0.535610
vn 0.929170 -0.064709 0.363944
vn 0.835986 -0.049501 0.546513
vn 0.928552 0.031643 0.369852
vn 0.834976 0.035251 0.549157
vn 0.930168 0.006450 0.367079
vn 0.836011 0.005719 0.548683
vn 0.928928 -0.067870 0.363988
vn 0.835381 -0.068647 0.545368
vn 0.919162 -0.166991 0.356728
vn 0.827137 -0.168789 0.536055
vn 0.894032 -0.288768 0.342521
vn 0.804910 -0.291832 0.516676
vn 0.874157 -0.352904 0.333628
vn 0.789379 -0.350220 0.504210
vn 0.901343 -0.417870 -0.113869
vn 0.831021 -0.549419 -0.086847
vn 0.975066 -0.194315 -0.107185
vn 0.990864 -0.077414 -0.110436
vn 0.995112 0.018375 -0.097027
vn 0.995305 0.005778 -0.096620
vn 0.993432 -0.058899 -0.098104
vn 0.984403 -0.145618 -0.098725
vn 0.962177 -0.253397 -0.100024
vn 0.943298 -0.304219 -0.132818
s 1
g pPlane1 polySurface75
usemtl blinn1SG
f 1190/1295/1373 1229/1296/1374 1230/1297/1375 1208/1298/1376
f 1194/1299/1377 1237/1300/1378 1238/1301/1379 1192/1302/1380
f 1196/1303/1381 1236/1304/1382 1237/1300/1378 1194/1299/1377
f 1198/1305/1383 1235/1306/1384 1236/1304/1382 1196/1303/1381
f 1200/1307/1385 1234/1308/1386 1235/1306/1384 1198/1305/1383
f 1202/1309/1387 1233/1310/1388 1234/1308/1386 1200/1307/1385
f 1204/1311/1389 1232/1312/1390 1233/1310/1388 1202/1309/1387
f 1206/1313/1391 1231/1314/1392 1232/1312/1390 1204/1311/1389
f 1208/1298/1376 1230/1297/1375 1231/1314/1392 1206/1313/1391
f 1210/1315/1393 1209/1316/1394 1189/1317/1395 1207/1318/1396
f 1211/1319/1397 1210/1315/1393 1207/1318/1396 1205/1320/1398
f 1212/1321/1399 1211/1319/1397 1205/1320/1398 1203/1322/1400
f 1213/1323/1401 1212/1321/1399 1203/1322/1400 1201/1324/1402
f 1214/1325/1403 1213/1323/1401 1201/1324/1402 1199/1326/1404
f 1215/1327/1405 1214/1325/1403 1199/1326/1404 1197/1328/1406
f 1216/1329/1407 1215/1327/1405 1197/1328/1406 1195/1330/1408
f 1217/1331/1409 1216/1329/1407 1195/1330/1408 1193/1332/1410
f 1218/1333/1411 1217/1331/1409 1193/1332/1410 1191/1334/1412
f 1220/1335/1413 1219/1336/1414 1209/1316/1394 1210/1315/1393
f 1221/1337/1415 1220/1335/1413 1210/1315/1393 1211/1319/1397
f 1222/1338/1416 1221/1337/1415 1211/1319/1397 1212/1321/1399
f 1223/1339/1417 1222/1338/1416 1212/1321/1399 1213/1323/1401
f 1224/1340/1418 1223/1339/1417 1213/1323/1401 1214/1325/1403
f 1225/1341/1419 1224/1340/1418 1214/1325/1403 1215/1327/1405
f 1226/1342/1420 1225/1341/1419 1215/1327/1405 1216/1329/1407
f 1227/1343/1421 1226/1342/1420 1216/1329/1407 1217/1331/1409
f 1228/1344/1422 1227/1343/1421 1217/1331/1409 1218/1333/1411
f 1230/1297/1375 1229/1296/1374 1219/1336/1414 1220/1335/1413
f 1231/1314/1392 1230/1297/1375 1220/1335/1413 1221/1337/1415
f 1232/1312/1390 1231/1314/1392 1221/1337/1415 1222/1338/1416
f 1233/1310/1388 1232/1312/1390 1222/1338/1416 1223/1339/1417
f 1234/1308/1386 1233/1310/1388 1223/1339/1417 1224/1340/1418
f 1235/1306/1384 1234/1308/1386 1224/1340/1418 1225/1341/1419
f 1236/1304/1382 1235/1306/1384 1225/1341/1419 1226/1342/1420
f 1237/1300/1378 1236/1304/1382 1226/1342/1420 1227/1343/1421
f 1238/1301/1379 1237/1300/1378 1227/1343/1421 1228/1344/1422
g default
v 13.394767 37.265852 -3.973702
v 11.869613 37.247095 -0.545776
v 15.957164 29.937270 -2.152481
v 14.417801 29.918188 1.288837
v 15.120917 30.044145 -2.942615
v 13.583573 30.025921 0.499608
v 14.233373 30.932806 -3.539326
v 12.689598 30.913529 -0.090502
v 13.847303 32.391878 -3.804892
v 12.258950 32.409484 -0.338910
v 13.803877 33.790285 -3.906894
v 12.243112 34.072985 -0.478521
v 13.665068 35.310619 -3.995229
v 12.172401 35.338878 -0.586030
v 13.014501 37.261283 -3.116264
v 13.293931 35.306721 -3.143713
v 13.419261 33.785362 -3.047448
v 13.462199 32.386942 -2.944674
v 13.848582 30.928275 -2.678970
v 14.736621 30.039598 -2.082039
v 15.572324 29.932501 -1.292156
v 12.642336 37.257161 -2.267777
v 12.941558 35.348685 -2.305709
v 13.007179 34.072853 -2.199555
v 13.040745 32.408914 -2.073805
v 13.416659 30.961231 -1.819152
v 14.271622 30.084789 -1.211155
v 15.134208 29.951386 -0.426279
v 12.289026 37.253871 -1.446250
v 12.583559 35.554003 -1.471102
v 12.616220 34.240636 -1.330851
v 12.630618 32.456394 -1.195219
v 13.069246 30.918086 -0.943291
v 13.968032 30.030503 -0.360891
v 14.802641 29.922958 0.428501
v 15.120917 30.044145 -2.942615
v 14.736621 30.039598 -2.082039
v 13.968032 30.030503 -0.360891
v 13.583573 30.025921 0.499608
vt 0.628933 0.927475
vt 0.561771 0.927475
vt 0.561771 0.852714
vt 0.628933 0.852714
vt 0.628933 0.553671
vt 0.561771 0.553671
vt 0.561771 0.478909
vt 0.628933 0.478909
vt 0.628933 0.628431
vt 0.561771 0.628431
vt 0.628933 0.703192
vt 0.561771 0.703192
vt 0.628933 0.777953
vt 0.561771 0.777953
vt 0.427446 0.852714
vt 0.427446 0.927475
vt 0.360284 0.927475
vt 0.360284 0.852714
vt 0.427446 0.777953
vt 0.360284 0.777953
vt 0.427446 0.703192
vt 0.360284 0.703192
vt 0.427446 0.628431
vt 0.360284 0.628431
vt 0.427446 0.553671
vt 0.360284 0.553671
vt 0.427446 0.478909
vt 0.360284 0.478909
vt 0.494609 0.852714
vt 0.494609 0.927475
vt 0.494609 0.777953
vt 0.494609 0.703192
vt 0.494609 0.628431
vt 0.494609 0.553671
vt 0.494609 0.478909
vt 0.000000 0.000000
vt 1.000000 0.000000
vt 1.000000 1.000000
vt 0.000000 1.000000
vt 0.000000 0.000000
vt 1.000000 0.000000
vt 1.000000 1.000000
vt 0.000000 1.000000
vn -0.891057 -0.139722 -0.431851
vn -0.902447 -0.141757 -0.406810
vn -0.906781 -0.118302 -0.404663
vn -0.896696 -0.110796 -0.428557
vn -0.086635 -0.995262 -0.044139
vn -0.372612 -0.910058 -0.181535
vn -0.081090 -0.995155 -0.055594
vn -0.086635 -0.995262 -0.044139
vn -0.757279 -0.556462 -0.341875
vn -0.767492 -0.542528 -0.341496
vn -0.585318 -0.766230 -0.265132
vn -0.897955 -0.182520 -0.400455
vn -0.901273 -0.166145 -0.400129
vn -0.910057 -0.053404 -0.411028
vn -0.911306 -0.057809 -0.407650
vn -0.910786 -0.113603 -0.396942
vn -0.910238 -0.126467 -0.394301
vn -0.908280 -0.122697 -0.399966
vn -0.908924 -0.114143 -0.401034
vn -0.908765 -0.074826 -0.410545
vn -0.910547 -0.082230 -0.405145
vn -0.891824 -0.183366 -0.413554
vn -0.897160 -0.181890 -0.402517
vn -0.760131 -0.546505 -0.351472
vn -0.774731 -0.527028 -0.349333
vn -0.380547 -0.909154 -0.169187
vn -0.586642 -0.764844 -0.266206
vn -0.105600 -0.993894 -0.031975
vn -0.085975 -0.995333 -0.043814
vn -0.085975 -0.995333 -0.043814
vn -0.915077 -0.111210 -0.387643
vn -0.913823 -0.137096 -0.382272
vn -0.911294 -0.064322 -0.406701
vn -0.894882 -0.173583 -0.411164
vn -0.772055 -0.529506 -0.351504
vn -0.398674 -0.899258 -0.179986
vn -0.091583 -0.994370 -0.053298
vn 0.000000 0.000000 0.000000
vn 0.000000 0.000000 0.000000
vn 0.000000 0.000000 0.000000
vn 0.000000 0.000000 0.000000
vn 0.000000 0.000000 0.000000
vn 0.000000 0.000000 0.000000
vn 0.000000 0.000000 0.000000
vn 0.000000 0.000000 0.000000
s 1
g polySurface40 polySurface74
usemtl blinn2SG
f 1240/1345/1423 1267/1346/1424 1268/1347/1425 1252/1348/1426
f 1244/1349/1427 1272/1350/1428 1273/1351/1429 1242/1352/1430
f 1246/1353/1431 1271/1354/1432 1272/1350/1428 1244/1349/1433
f 1248/1355/1434 1270/1356/1435 1271/1354/1432 1246/1353/1431
f 1250/1357/1436 1269/1358/1437 1270/1356/1435 1248/1355/1434
f 1252/1348/1426 1268/1347/1425 1269/1358/1437 1250/1357/1436
f 1254/1359/1438 1253/1360/1439 1239/1361/1440 1251/1362/1441
f 1255/1363/1442 1254/1359/1438 1251/1362/1441 1249/1364/1443
f 1256/1365/1444 1255/1363/1442 1249/1364/1443 1247/1366/1445
f 1257/1367/1446 1256/1365/1444 1247/1366/1445 1245/1368/1447
f 1258/1369/1448 1257/1367/1446 1245/1368/1447 1243/1370/1449
f 1259/1371/1450 1258/1369/1448 1243/1370/1451 1241/1372/1452
f 1261/1373/1453 1260/1374/1454 1253/1360/1439 1254/1359/1438
f 1262/1375/1455 1261/1373/1453 1254/1359/1438 1255/1363/1442
f 1263/1376/1456 1262/1375/1455 1255/1363/1442 1256/1365/1444
f 1264/1377/1457 1263/1376/1456 1256/1365/1444 1257/1367/1446
f 1265/1378/1458 1264/1377/1457 1257/1367/1446 1258/1369/1448
f 1266/1379/1459 1265/1378/1458 1258/1369/1448 1259/1371/1450
f 1268/1347/1425 1267/1346/1424 1260/1374/1454 1261/1373/1453
f 1269/1358/1437 1268/1347/1425 1261/1373/1453 1262/1375/1455
f 1270/1356/1435 1269/1358/1437 1262/1375/1455 1263/1376/1456
f 1271/1354/1432 1270/1356/1435 1263/1376/1456 1264/1377/1457
f 1272/1350/1428 1271/1354/1432 1264/1377/1457 1265/1378/1458
f 1273/1351/1429 1272/1350/1428 1265/1378/1458 1266/1379/1459
s off
f 1243/1380/1460 1258/1381/1461 1275/1382/1462 1274/1383/1463
f 1272/1384/1464 1244/1385/1465 1277/1386/1466 1276/1387/1467
g default
v 12.027758 37.942182 0.199601
v 15.176867 37.871066 2.237453
v 14.179640 29.983907 -2.055495
v 17.339764 29.912224 -0.001533
v 13.270886 30.097310 -1.350845
v 16.432232 30.026479 0.701271
v 12.493050 32.300895 -0.581912
v 15.659903 32.228898 1.477569
v 12.190622 33.761530 -0.228418
v 15.368006 33.725978 1.878101
v 12.102090 35.160940 -0.188625
v 15.250200 35.391080 1.887215
v 12.013912 36.681638 -0.051374
v 15.150201 36.657930 1.951907
v 12.815646 37.924519 0.708125
v 12.797378 36.664771 0.447219
v 12.891282 35.142879 0.324507
v 12.980498 33.743441 0.285317
v 13.283118 32.283213 -0.068463
v 14.061249 30.079609 -0.837853
v 14.969667 29.965984 -1.542009
v 13.595955 37.907467 1.207267
v 13.571027 36.694024 0.925597
v 13.668766 35.417227 0.865635
v 13.775623 33.751953 0.836851
v 14.065852 32.302803 0.491804
v 14.849949 30.111134 -0.243083
v 15.757233 29.971396 -0.974813
v 14.352573 37.891682 1.683604
v 14.342665 36.886634 1.410493
v 14.468461 35.571706 1.388036
v 14.580473 33.785916 1.378627
v 14.876512 32.246483 0.970376
v 15.641971 30.044214 0.188131
v 16.549727 29.930141 -0.515024
v 13.270886 30.097310 -1.350845
v 14.061249 30.079609 -0.837853
v 15.641971 30.044214 0.188131
v 16.432232 30.026479 0.701271
vt 0.628933 0.927475
vt 0.561771 0.927475
vt 0.561771 0.852714
vt 0.628933 0.852714
vt 0.628933 0.553671
vt 0.561771 0.553671
vt 0.561771 0.478909
vt 0.628933 0.478909
vt 0.628933 0.628431
vt 0.561771 0.628431
vt 0.628933 0.703192
vt 0.561771 0.703192
vt 0.628933 0.777953
vt 0.561771 0.777953
vt 0.427446 0.852714
vt 0.427446 0.927475
vt 0.360284 0.927475
vt 0.360284 0.852714
vt 0.427446 0.777953
vt 0.360284 0.777953
vt 0.427446 0.703192
vt 0.360284 0.703192
vt 0.427446 0.628431
vt 0.360284 0.628431
vt 0.427446 0.553671
vt 0.360284 0.553671
vt 0.427446 0.478909
vt 0.360284 0.478909
vt 0.494609 0.852714
vt 0.494609 0.927475
vt 0.494609 0.777953
vt 0.494609 0.703192
vt 0.494609 0.628431
vt 0.494609 0.553671
vt 0.494609 0.478909
vt 0.000000 0.000000
vt 1.000000 0.000000
vt 1.000000 1.000000
vt 0.000000 1.000000
vt 0.000000 0.000000
vt 1.000000 0.000000
vt 1.000000 1.000000
vt 0.000000 1.000000
vn -0.566981 -0.192374 0.800952
vn -0.540577 -0.196629 0.817994
vn -0.539778 -0.140481 0.830003
vn -0.563935 -0.126753 0.816033
vn -0.069296 -0.994986 0.072115
vn -0.402450 -0.688352 0.603494
vn -0.079756 -0.994702 0.064863
vn -0.069296 -0.994986 0.072115
vn -0.507232 -0.392315 0.767336
vn -0.497253 -0.386177 0.776922
vn -0.495883 -0.438370 0.749621
vn -0.537015 -0.182496 0.823596
vn -0.537011 -0.166362 0.827008
vn -0.547839 -0.053587 0.834866
vn -0.544719 -0.058023 0.836609
vn -0.534168 -0.129383 0.835419
vn -0.528943 -0.168032 0.831856
vn -0.535027 -0.161603 0.829235
vn -0.537885 -0.129359 0.833034
vn -0.547403 -0.074982 0.833503
vn -0.542428 -0.082437 0.836048
vn -0.549001 -0.183318 0.815470
vn -0.538893 -0.182215 0.822430
vn -0.520807 -0.386577 0.761130
vn -0.509481 -0.382297 0.770894
vn -0.411804 -0.690569 0.594586
vn -0.496751 -0.437093 0.749792
vn -0.060204 -0.993869 0.092733
vn -0.068877 -0.995059 0.071511
vn -0.068877 -0.995059 0.071511
vn -0.525062 -0.126755 0.841572
vn -0.513960 -0.188098 0.836938
vn -0.543866 -0.064551 0.836686
vn -0.546992 -0.173600 0.818940
vn -0.512972 -0.381217 0.769112
vn -0.413776 -0.666048 0.620620
vn -0.079096 -0.993997 0.075596
vn 0.000000 0.000000 0.000000
vn 0.000000 0.000000 0.000000
vn 0.000000 0.000000 0.000000
vn 0.000000 0.000000 0.000000
vn 0.000000 0.000000 0.000000
vn 0.000000 0.000000 0.000000
vn 0.000000 0.000000 0.000000
vn 0.000000 0.000000 0.000000
s 1
g polySurface40 polySurface73
usemtl blinn2SG
f 1279/1388/1468 1306/1389/1469 1307/1390/1470 1291/1391/1471
f 1283/1392/1472 1311/1393/1473 1312/1394/1474 1281/1395/1475
f 1285/1396/1476 1310/1397/1477 1311/1393/1473 1283/1392/1478
f 1287/1398/1479 1309/1399/1480 1310/1397/1477 1285/1396/1476
f 1289/1400/1481 1308/1401/1482 1309/1399/1480 1287/1398/1479
f 1291/1391/1471 1307/1390/1470 1308/1401/1482 1289/1400/1481
f 1293/1402/1483 1292/1403/1484 1278/1404/1485 1290/1405/1486
f 1294/1406/1487 1293/1402/1483 1290/1405/1486 1288/1407/1488
f 1295/1408/1489 1294/1406/1487 1288/1407/1488 1286/1409/1490
f 1296/1410/1491 1295/1408/1489 1286/1409/1490 1284/1411/1492
f 1297/1412/1493 1296/1410/1491 1284/1411/1492 1282/1413/1494
f 1298/1414/1495 1297/1412/1493 1282/1413/1496 1280/1415/1497
f 1300/1416/1498 1299/1417/1499 1292/1403/1484 1293/1402/1483
f 1301/1418/1500 1300/1416/1498 1293/1402/1483 1294/1406/1487
f 1302/1419/1501 1301/1418/1500 1294/1406/1487 1295/1408/1489
f 1303/1420/1502 1302/1419/1501 1295/1408/1489 1296/1410/1491
f 1304/1421/1503 1303/1420/1502 1296/1410/1491 1297/1412/1493
f 1305/1422/1504 1304/1421/1503 1297/1412/1493 1298/1414/1495
f 1307/1390/1470 1306/1389/1469 1299/1417/1499 1300/1416/1498
f 1308/1401/1482 1307/1390/1470 1300/1416/1498 1301/1418/1500
f 1309/1399/1480 1308/1401/1482 1301/1418/1500 1302/1419/1501
f 1310/1397/1477 1309/1399/1480 1302/1419/1501 1303/1420/1502
f 1311/1393/1473 1310/1397/1477 1303/1420/1502 1304/1421/1503
f 1312/1394/1474 1311/1393/1473 1304/1421/1503 1305/1422/1504
s off
f 1282/1423/1505 1297/1424/1506 1314/1425/1507 1313/1426/1508
f 1311/1427/1509 1283/1428/1510 1316/1429/1511 1315/1430/1512
g default
v 18.057765 37.844226 -2.661883
v 14.815737 37.648268 -4.540178
v 16.518000 30.018801 -0.505248
v 13.264178 29.822116 -2.399091
v 17.380804 30.207835 -1.250151
v 14.125813 30.011871 -3.142056
v 17.956083 32.120374 -2.061821
v 14.695286 31.923144 -3.960846
v 18.156464 33.606636 -2.376996
v 14.880649 33.446590 -4.321119
v 18.161360 35.052858 -2.371300
v 14.901291 35.158707 -4.276660
v 18.156027 36.579617 -2.457692
v 14.925904 36.430662 -4.300411
v 17.246691 37.795285 -3.130486
v 17.349836 36.531426 -2.916576
v 17.348770 35.003582 -2.844448
v 17.341079 33.600775 -2.851491
v 17.140500 32.114895 -2.536008
v 16.564950 30.202306 -1.723868
v 15.702468 30.013087 -0.979485
v 16.443630 37.747120 -3.590078
v 16.551875 36.529222 -3.354106
v 16.529837 35.247621 -3.335550
v 16.519064 33.578843 -3.361714
v 16.329755 32.105026 -3.055165
v 15.745781 30.205052 -2.276730
v 14.887345 29.988996 -1.505828
v 15.665308 37.700928 -4.028061
v 15.746336 36.690324 -3.792332
v 15.696523 35.370162 -3.811178
v 15.686420 33.581429 -3.860783
v 15.499729 32.015235 -3.494128
v 14.937410 30.104339 -2.669742
v 14.075561 29.914743 -1.926405
v 17.380804 30.207835 -1.250151
v 16.567031 30.158848 -1.723090
v 14.939491 30.060880 -2.668964
v 14.125813 30.011871 -3.142056
vt 0.628933 0.927475
vt 0.561771 0.927475
vt 0.561771 0.852714
vt 0.628933 0.852714
vt 0.628933 0.553671
vt 0.561771 0.553671
vt 0.561771 0.478909
vt 0.628933 0.478909
vt 0.628933 0.628431
vt 0.561771 0.628431
vt 0.628933 0.703192
vt 0.561771 0.703192
vt 0.628933 0.777953
vt 0.561771 0.777953
vt 0.427446 0.852714
vt 0.427446 0.927475
vt 0.360284 0.927475
vt 0.360284 0.852714
vt 0.427446 0.777953
vt 0.360284 0.777953
vt 0.427446 0.703192
vt 0.360284 0.703192
vt 0.427446 0.628431
vt 0.360284 0.628431
vt 0.427446 0.553671
vt 0.360284 0.553671
vt 0.427446 0.478909
vt 0.360284 0.478909
vt 0.494609 0.852714
vt 0.494609 0.927475
vt 0.494609 0.777953
vt 0.494609 0.703192
vt 0.494609 0.628431
vt 0.494609 0.553671
vt 0.494609 0.478909
vt 0.000000 0.000000
vt 1.000000 0.000000
vt 1.000000 1.000000
vt 0.000000 1.000000
vt 0.000000 0.000000
vt 1.000000 0.000000
vt 1.000000 1.000000
vt 0.000000 1.000000
vn 0.534630 -0.132244 -0.834675
vn 0.507622 -0.137476 -0.850541
vn 0.502957 -0.081072 -0.860501
vn 0.526949 -0.066353 -0.847303
vn 0.154495 -0.985342 -0.072341
vn 0.397862 -0.709500 -0.581649
vn 0.153568 -0.984954 -0.079264
vn 0.154495 -0.985342 -0.072341
vn 0.497100 -0.383079 -0.778551
vn 0.481120 -0.372703 -0.793484
vn 0.484315 -0.462645 -0.742562
vn 0.508552 -0.126668 -0.851663
vn 0.504115 -0.104751 -0.857260
vn 0.505443 0.006289 -0.862837
vn 0.502648 0.001729 -0.864490
vn 0.496421 -0.070154 -0.865243
vn 0.493673 -0.109135 -0.862772
vn 0.499493 -0.102460 -0.860238
vn 0.500251 -0.070029 -0.863044
vn 0.506469 -0.015051 -0.862127
vn 0.501813 -0.022576 -0.864682
vn 0.512829 -0.121607 -0.849835
vn 0.499592 -0.125519 -0.857119
vn 0.487175 -0.372220 -0.790008
vn 0.468679 -0.370527 -0.801904
vn 0.375800 -0.708000 -0.597922
vn 0.448344 -0.460190 -0.766298
vn 0.100618 -0.984574 -0.143146
vn 0.090964 -0.985262 -0.144861
vn 0.090964 -0.985262 -0.144861
vn 0.486866 -0.067863 -0.870837
vn 0.479650 -0.129858 -0.867797
vn 0.502225 -0.004843 -0.864723
vn 0.512669 -0.114064 -0.850976
vn 0.487319 -0.366182 -0.792736
vn 0.392364 -0.688968 -0.609405
vn 0.132537 -0.984709 -0.113057
vn -0.000000 -0.000000 0.000000
vn -0.502071 -0.008554 0.864784
vn -0.502071 -0.008554 0.864784
vn -0.000000 -0.000000 0.000000
vn -0.502234 -0.008571 0.864689
vn -0.000000 -0.000000 0.000000
vn -0.000000 -0.000000 0.000000
vn -0.502234 -0.008571 0.864689
s 1
g polySurface40 polySurface72
usemtl blinn2SG
f 1318/1431/1513 1345/1432/1514 1346/1433/1515 1330/1434/1516
f 1322/1435/1517 1350/1436/1518 1351/1437/1519 1320/1438/1520
f 1324/1439/1521 1349/1440/1522 1350/1436/1518 1322/1435/1523
f 1326/1441/1524 1348/1442/1525 1349/1440/1522 1324/1439/1521
f 1328/1443/1526 1347/1444/1527 1348/1442/1525 1326/1441/1524
f 1330/1434/1516 1346/1433/1515 1347/1444/1527 1328/1443/1526
f 1332/1445/1528 1331/1446/1529 1317/1447/1530 1329/1448/1531
f 1333/1449/1532 1332/1445/1528 1329/1448/1531 1327/1450/1533
f 1334/1451/1534 1333/1449/1532 1327/1450/1533 1325/1452/1535
f 1335/1453/1536 1334/1451/1534 1325/1452/1535 1323/1454/1537
f 1336/1455/1538 1335/1453/1536 1323/1454/1537 1321/1456/1539
f 1337/1457/1540 1336/1455/1538 1321/1456/1541 1319/1458/1542
f 1339/1459/1543 1338/1460/1544 1331/1446/1529 1332/1445/1528
f 1340/1461/1545 1339/1459/1543 1332/1445/1528 1333/1449/1532
f 1341/1462/1546 1340/1461/1545 1333/1449/1532 1334/1451/1534
f 1342/1463/1547 1341/1462/1546 1334/1451/1534 1335/1453/1536
f 1343/1464/1548 1342/1463/1547 1335/1453/1536 1336/1455/1538
f 1344/1465/1549 1343/1464/1548 1336/1455/1538 1337/1457/1540
f 1346/1433/1515 1345/1432/1514 1338/1460/1544 1339/1459/1543
f 1347/1444/1527 1346/1433/1515 1339/1459/1543 1340/1461/1545
f 1348/1442/1525 1347/1444/1527 1340/1461/1545 1341/1462/1546
f 1349/1440/1522 1348/1442/1525 1341/1462/1546 1342/1463/1547
f 1350/1436/1518 1349/1440/1522 1342/1463/1547 1343/1464/1548
f 1351/1437/1519 1350/1436/1518 1343/1464/1548 1344/1465/1549
s off
f 1321/1466/1550 1336/1467/1551 1353/1468/1552 1352/1469/1553
f 1350/1470/1554 1322/1471/1555 1355/1472/1556 1354/1473/1557
g default
v 13.972254 38.155208 2.541204
v 18.092856 38.336897 1.215928
v 14.320567 30.088638 0.032423
v 18.463554 30.272266 -1.290973
v 14.261266 30.381679 1.332112
v 18.403414 30.565894 0.006172
v 14.324906 31.570694 2.406267
v 18.477747 31.754742 1.080906
v 14.233428 33.310234 2.712071
v 18.430998 33.544115 1.405767
v 14.029663 34.914069 2.610625
v 18.145636 35.445822 1.268624
v 13.897130 36.674052 2.560953
v 17.971904 36.903781 1.215115
v 15.002010 38.200563 2.208648
v 14.914772 36.718635 2.225062
v 15.064490 34.959781 2.280286
v 15.269296 33.356002 2.381557
v 15.360615 31.616864 2.075321
v 15.296792 30.427736 1.000576
v 15.356309 30.134544 -0.298426
v 16.017838 38.245159 1.875988
v 15.901627 36.812341 1.876466
v 16.079109 35.344018 1.936880
v 16.339089 33.438873 2.069633
v 16.427637 31.714418 1.779061
v 16.397176 30.545056 0.722075
v 16.434761 30.217065 -0.591880
v 16.995981 38.287828 1.547811
v 16.872458 37.093307 1.509965
v 17.108397 35.587505 1.578106
v 17.404242 33.548553 1.738216
v 17.452476 31.709378 1.410427
v 17.367830 30.519847 0.337504
v 17.427801 30.226360 -0.960118
v 14.261266 30.381679 1.332112
v 15.296792 30.427736 1.000576
v 17.367830 30.519847 0.337504
v 18.403414 30.565894 0.006172
vt 0.628933 0.927475
vt 0.561771 0.927475
vt 0.561771 0.852714
vt 0.628933 0.852714
vt 0.628933 0.553671
vt 0.561771 0.553671
vt 0.561771 0.478909
vt 0.628933 0.478909
vt 0.628933 0.628431
vt 0.561771 0.628431
vt 0.628933 0.703192
vt 0.561771 0.703192
vt 0.628933 0.777953
vt 0.561771 0.777953
vt 0.427446 0.852714
vt 0.427446 0.927475
vt 0.360284 0.927475
vt 0.360284 0.852714
vt 0.427446 0.777953
vt 0.360284 0.777953
vt 0.427446 0.703192
vt 0.360284 0.703192
vt 0.427446 0.628431
vt 0.360284 0.628431
vt 0.427446 0.553671
vt 0.360284 0.553671
vt 0.427446 0.478909
vt 0.360284 0.478909
vt 0.494609 0.852714
vt 0.494609 0.927475
vt 0.494609 0.777953
vt 0.494609 0.703192
vt 0.494609 0.628431
vt 0.494609 0.553671
vt 0.494609 0.478909
vt 0.000000 0.000000
vt 1.000000 0.000000
vt 1.000000 1.000000
vt 0.000000 1.000000
vt 0.000000 0.000000
vt 1.000000 0.000000
vt 1.000000 1.000000
vt 0.000000 1.000000
vn 0.271856 -0.039440 0.961529
vn 0.302185 -0.041665 0.952338
vn 0.305907 0.015700 0.951932
vn 0.278432 0.027785 0.960054
vn 0.114662 -0.967756 0.224280
vn 0.192194 -0.835189 0.515287
vn 0.102434 -0.968309 0.227781
vn 0.114662 -0.967756 0.224280
vn 0.292893 -0.420500 0.858716
vn 0.298623 -0.405043 0.864155
vn 0.256435 -0.657166 0.708783
vn 0.307200 -0.027118 0.951259
vn 0.308120 -0.010416 0.951290
vn 0.295376 0.102480 0.949869
vn 0.299128 0.098264 0.949140
vn 0.312458 0.027359 0.949537
vn 0.317117 -0.011511 0.948317
vn 0.310575 -0.005417 0.950533
vn 0.308270 0.027067 0.950914
vn 0.296858 0.081125 0.951469
vn 0.302749 0.073996 0.950193
vn 0.293446 -0.028661 0.955546
vn 0.305076 -0.026559 0.951958
vn 0.286672 -0.409960 0.865882
vn 0.296095 -0.388362 0.872641
vn 0.206579 -0.833270 0.512821
vn 0.256376 -0.655562 0.710289
vn 0.136119 -0.963621 0.230013
vn 0.114479 -0.967937 0.223589
vn 0.114479 -0.967937 0.223589
vn 0.322677 0.030675 0.946012
vn 0.332644 -0.030936 0.942545
vn 0.300430 0.091819 0.949374
vn 0.296345 -0.018563 0.954901
vn 0.292935 -0.391252 0.872417
vn 0.209516 -0.820391 0.532036
vn 0.110979 -0.965908 0.233892
vn 0.000000 0.000000 0.000000
vn 0.000000 0.000000 0.000000
vn 0.000000 0.000000 0.000000
vn 0.000000 0.000000 0.000000
vn 0.000000 0.000000 0.000000
vn 0.000000 0.000000 0.000000
vn 0.000000 0.000000 0.000000
vn 0.000000 0.000000 0.000000
s 1
g polySurface40 polySurface71
usemtl blinn2SG
f 1357/1474/1558 1384/1475/1559 1385/1476/1560 1369/1477/1561
f 1361/1478/1562 1389/1479/1563 1390/1480/1564 1359/1481/1565
f 1363/1482/1566 1388/1483/1567 1389/1479/1563 1361/1478/1568
f 1365/1484/1569 1387/1485/1570 1388/1483/1567 1363/1482/1566
f 1367/1486/1571 1386/1487/1572 1387/1485/1570 1365/1484/1569
f 1369/1477/1561 1385/1476/1560 1386/1487/1572 1367/1486/1571
f 1371/1488/1573 1370/1489/1574 1356/1490/1575 1368/1491/1576
f 1372/1492/1577 1371/1488/1573 1368/1491/1576 1366/1493/1578
f 1373/1494/1579 1372/1492/1577 1366/1493/1578 1364/1495/1580
f 1374/1496/1581 1373/1494/1579 1364/1495/1580 1362/1497/1582
f 1375/1498/1583 1374/1496/1581 1362/1497/1582 1360/1499/1584
f 1376/1500/1585 1375/1498/1583 1360/1499/1586 1358/1501/1587
f 1378/1502/1588 1377/1503/1589 1370/1489/1574 1371/1488/1573
f 1379/1504/1590 1378/1502/1588 1371/1488/1573 1372/1492/1577
f 1380/1505/1591 1379/1504/1590 1372/1492/1577 1373/1494/1579
f 1381/1506/1592 1380/1505/1591 1373/1494/1579 1374/1496/1581
f 1382/1507/1593 1381/1506/1592 1374/1496/1581 1375/1498/1583
f 1383/1508/1594 1382/1507/1593 1375/1498/1583 1376/1500/1585
f 1385/1476/1560 1384/1475/1559 1377/1503/1589 1378/1502/1588
f 1386/1487/1572 1385/1476/1560 1378/1502/1588 1379/1504/1590
f 1387/1485/1570 1386/1487/1572 1379/1504/1590 1380/1505/1591
f 1388/1483/1567 1387/1485/1570 1380/1505/1591 1381/1506/1592
f 1389/1479/1563 1388/1483/1567 1381/1506/1592 1382/1507/1593
f 1390/1480/1564 1389/1479/1563 1382/1507/1593 1383/1508/1594
s off
f 1360/1509/1595 1375/1510/1596 1392/1511/1597 1391/1512/1598
f 1389/1513/1599 1361/1514/1600 1394/1515/1601 1393/1516/1602
g default
v 16.285378 37.332243 -0.639662
v 13.515803 37.501020 -1.322655
v 15.479770 29.814133 -0.572096
v 12.698305 29.984378 -1.263901
v 15.966531 29.996222 -1.282113
v 13.184663 30.166864 -1.972200
v 16.413836 33.063454 -1.717951
v 13.626163 33.234082 -2.412064
v 16.592511 34.207389 -1.863511
v 13.786941 34.411139 -2.583967
v 16.596316 35.249538 -1.520393
v 13.827873 35.649281 -2.193514
v 16.502837 36.383096 -1.052732
v 13.752466 36.583294 -1.708472
v 15.592778 37.374403 -0.809579
v 15.815874 36.424659 -1.216582
v 15.901640 35.291958 -1.693313
v 15.897192 34.249857 -2.036693
v 15.718460 33.106189 -1.890835
v 15.271056 30.038883 -1.454603
v 14.784408 29.856694 -0.745046
v 14.907949 37.415927 -0.974616
v 15.142401 36.498438 -1.362797
v 15.217965 35.557563 -1.852982
v 15.189720 34.316955 -2.232169
v 15.018146 33.182817 -2.094194
v 14.558406 30.128711 -1.679542
v 14.078463 29.923493 -0.953889
v 14.245804 37.455799 -1.129114
v 14.474034 36.695719 -1.494016
v 14.518999 35.730604 -2.008652
v 14.478437 34.401854 -2.415186
v 14.315196 33.191986 -2.241997
v 13.880106 30.124209 -1.799579
v 13.393676 29.941813 -1.090951
v 15.966531 29.996222 -1.282113
v 15.271053 30.038883 -1.454601
v 13.880103 30.124209 -1.799577
v 13.184663 30.166864 -1.972200
vt 0.628933 0.927475
vt 0.561771 0.927475
vt 0.561771 0.852714
vt 0.628933 0.852714
vt 0.628933 0.553671
vt 0.561771 0.553671
vt 0.561771 0.478909
vt 0.628933 0.478909
vt 0.628933 0.628431
vt 0.561771 0.628431
vt 0.628933 0.703192
vt 0.561771 0.703192
vt 0.628933 0.777953
vt 0.561771 0.777953
vt 0.427446 0.852714
vt 0.427446 0.927475
vt 0.360284 0.927475
vt 0.360284 0.852714
vt 0.427446 0.777953
vt 0.360284 0.777953
vt 0.427446 0.703192
vt 0.360284 0.703192
vt 0.427446 0.628431
vt 0.360284 0.628431
vt 0.427446 0.553671
vt 0.360284 0.553671
vt 0.427446 0.478909
vt 0.360284 0.478909
vt 0.494609 0.852714
vt 0.494609 0.927475
vt 0.494609 0.777953
vt 0.494609 0.703192
vt 0.494609 0.628431
vt 0.494609 0.553671
vt 0.494609 0.478909
vt 0.000000 0.000000
vt 1.000000 0.000000
vt 1.000000 1.000000
vt 0.000000 1.000000
vt 0.000000 0.000000
vt 1.000000 0.000000
vt 1.000000 1.000000
vt 0.000000 1.000000
vn 0.222474 0.448883 -0.865453
vn 0.239113 0.451305 -0.859738
vn 0.242590 0.457789 -0.855324
vn 0.199286 0.459101 -0.865744
vn 0.002244 -0.968774 -0.247935
vn 0.188450 -0.381097 -0.905125
vn 0.014476 -0.969543 -0.244494
vn 0.002244 -0.968774 -0.247935
vn 0.227470 -0.170147 -0.958805
vn 0.210840 -0.165972 -0.963327
vn 0.226924 -0.170325 -0.958903
vn 0.232470 0.056102 -0.970984
vn 0.241914 0.078503 -0.967117
vn 0.207764 0.357233 -0.910614
vn 0.245518 0.372887 -0.894805
vn 0.254504 0.417197 -0.872453
vn 0.236483 0.429987 -0.871313
vn 0.236819 0.430985 -0.870729
vn 0.238932 0.407254 -0.881508
vn 0.272194 0.343682 -0.898773
vn 0.244110 0.348385 -0.905008
vn 0.265264 0.065064 -0.961978
vn 0.245092 0.073194 -0.966733
vn 0.246164 -0.167232 -0.954692
vn 0.228156 -0.166287 -0.959319
vn 0.214675 -0.386547 -0.896937
vn 0.227694 -0.169518 -0.958863
vn -0.012925 -0.964416 -0.264074
vn 0.002037 -0.968951 -0.247246
vn 0.002037 -0.968951 -0.247246
vn 0.276170 0.440773 -0.854078
vn 0.250767 0.442690 -0.860896
vn 0.291964 0.355492 -0.887909
vn 0.267317 0.068967 -0.961137
vn 0.231131 -0.164936 -0.958840
vn 0.201925 -0.360410 -0.910676
vn 0.010453 -0.967100 -0.254181
vn 0.000000 0.000000 0.000000
vn 0.041024 0.998907 0.022424
vn 0.041024 0.998907 0.022424
vn 0.000000 0.000000 0.000000
vn 0.058269 0.998294 0.003736
vn 0.000000 0.000000 0.000000
vn 0.000000 0.000000 0.000000
vn 0.058269 0.998294 0.003736
s 1
g polySurface40 polySurface70
usemtl blinn2SG
f 1396/1517/1603 1423/1518/1604 1424/1519/1605 1408/1520/1606
f 1400/1521/1607 1428/1522/1608 1429/1523/1609 1398/1524/1610
f 1402/1525/1611 1427/1526/1612 1428/1522/1608 1400/1521/1613
f 1404/1527/1614 1426/1528/1615 1427/1526/1612 1402/1525/1611
f 1406/1529/1616 1425/1530/1617 1426/1528/1615 1404/1527/1614
f 1408/1520/1606 1424/1519/1605 1425/1530/1617 1406/1529/1616
f 1410/1531/1618 1409/1532/1619 1395/1533/1620 1407/1534/1621
f 1411/1535/1622 1410/1531/1618 1407/1534/1621 1405/1536/1623
f 1412/1537/1624 1411/1535/1622 1405/1536/1623 1403/1538/1625
f 1413/1539/1626 1412/1537/1624 1403/1538/1625 1401/1540/1627
f 1414/1541/1628 1413/1539/1626 1401/1540/1627 1399/1542/1629
f 1415/1543/1630 1414/1541/1628 1399/1542/1631 1397/1544/1632
f 1417/1545/1633 1416/1546/1634 1409/1532/1619 1410/1531/1618
f 1418/1547/1635 1417/1545/1633 1410/1531/1618 1411/1535/1622
f 1419/1548/1636 1418/1547/1635 1411/1535/1622 1412/1537/1624
f 1420/1549/1637 1419/1548/1636 1412/1537/1624 1413/1539/1626
f 1421/1550/1638 1420/1549/1637 1413/1539/1626 1414/1541/1628
f 1422/1551/1639 1421/1550/1638 1414/1541/1628 1415/1543/1630
f 1424/1519/1605 1423/1518/1604 1416/1546/1634 1417/1545/1633
f 1425/1530/1617 1424/1519/1605 1417/1545/1633 1418/1547/1635
f 1426/1528/1615 1425/1530/1617 1418/1547/1635 1419/1548/1636
f 1427/1526/1612 1426/1528/1615 1419/1548/1636 1420/1549/1637
f 1428/1522/1608 1427/1526/1612 1420/1549/1637 1421/1550/1638
f 1429/1523/1609 1428/1522/1608 1421/1550/1638 1422/1551/1639
s off
f 1399/1552/1640 1414/1553/1641 1431/1554/1642 1430/1555/1643
f 1428/1556/1644 1400/1557/1645 1433/1558/1646 1432/1559/1647
g default
v 15.560578 38.143967 -4.603749
v 11.461427 37.958809 -3.214004
v 16.034742 30.146623 -1.904590
v 11.913099 29.961179 -0.516391
v 16.046462 30.411534 -3.211482
v 11.925632 30.226818 -1.820767
v 15.851961 31.561649 -4.311479
v 11.720499 31.375717 -2.921160
v 15.769397 33.293711 -4.658708
v 11.588297 33.152557 -3.287837
v 15.817660 34.911772 -4.597621
v 11.689311 35.075788 -3.199287
v 15.779102 36.677013 -4.590681
v 11.721181 36.544597 -3.182255
v 14.536208 38.097681 -4.255082
v 14.766911 36.631213 -4.238865
v 14.788176 34.865295 -4.251091
v 14.738873 33.247191 -4.311990
v 14.821565 31.515555 -3.964339
v 15.016269 30.365358 -2.863752
v 15.004335 30.100262 -1.557541
v 13.525772 38.051985 -3.906526
v 13.780763 36.637588 -3.875992
v 13.746068 35.157926 -3.899630
v 13.670712 33.233840 -3.984134
v 13.754504 31.516693 -3.652525
v 13.913831 30.382491 -2.569585
v 13.927324 30.085263 -1.247996
v 12.552963 38.007918 -3.563038
v 12.792606 36.832283 -3.499806
v 12.703274 35.309472 -3.529319
v 12.604843 33.248099 -3.637493
v 12.740450 31.421636 -3.266721
v 12.955888 30.273012 -2.168297
v 12.943515 30.007540 -0.863446
v 16.046462 30.411534 -3.211482
v 15.016269 30.365358 -2.863752
v 12.955888 30.273012 -2.168297
v 11.925632 30.226818 -1.820767
vt 0.628933 0.927475
vt 0.561771 0.927475
vt 0.561771 0.852714
vt 0.628933 0.852714
vt 0.628933 0.553671
vt 0.561771 0.553671
vt 0.561771 0.478909
vt 0.628933 0.478909
vt 0.628933 0.628431
vt 0.561771 0.628431
vt 0.628933 0.703192
vt 0.561771 0.703192
vt 0.628933 0.777953
vt 0.561771 0.777953
vt 0.427446 0.852714
vt 0.427446 0.927475
vt 0.360284 0.927475
vt 0.360284 0.852714
vt 0.427446 0.777953
vt 0.360284 0.777953
vt 0.427446 0.703192
vt 0.360284 0.703192
vt 0.427446 0.628431
vt 0.360284 0.628431
vt 0.427446 0.553671
vt 0.360284 0.553671
vt 0.427446 0.478909
vt 0.360284 0.478909
vt 0.494609 0.852714
vt 0.494609 0.927475
vt 0.494609 0.777953
vt 0.494609 0.703192
vt 0.494609 0.628431
vt 0.494609 0.553671
vt 0.494609 0.478909
vt 0.000000 0.000000
vt 1.000000 0.000000
vt 1.000000 1.000000
vt 0.000000 1.000000
vt 0.000000 0.000000
vt 1.000000 0.000000
vt 1.000000 1.000000
vt 0.000000 1.000000
vn -0.280635 -0.089163 -0.955664
vn -0.310465 -0.094090 -0.945917
vn -0.319738 -0.037362 -0.946769
vn -0.293685 -0.022880 -0.955628
vn -0.023287 -0.979597 -0.199620
vn -0.117561 -0.862407 -0.492375
vn -0.011114 -0.979051 -0.203312
vn -0.023287 -0.979597 -0.199620
vn -0.263079 -0.467877 -0.843730
vn -0.270357 -0.453204 -0.849420
vn -0.201615 -0.696231 -0.688922
vn -0.316858 -0.080060 -0.945088
vn -0.319394 -0.063547 -0.945489
vn -0.317652 0.050051 -0.946886
vn -0.320968 0.045513 -0.945996
vn -0.327355 -0.026337 -0.944534
vn -0.328200 -0.065436 -0.942339
vn -0.322311 -0.058791 -0.944806
vn -0.323178 -0.026252 -0.945974
vn -0.317077 0.028623 -0.947968
vn -0.322229 0.020993 -0.946429
vn -0.303082 -0.080385 -0.949568
vn -0.314807 -0.079345 -0.945834
vn -0.258011 -0.456982 -0.851233
vn -0.269580 -0.436588 -0.858323
vn -0.132029 -0.861830 -0.489712
vn -0.201733 -0.694665 -0.690467
vn -0.045125 -0.977703 -0.205086
vn -0.023075 -0.979743 -0.198927
vn -0.023075 -0.979743 -0.198927
vn -0.337795 -0.023940 -0.940915
vn -0.341683 -0.086128 -0.935860
vn -0.321640 0.038969 -0.946060
vn -0.306938 -0.070602 -0.949107
vn -0.266153 -0.439133 -0.858094
vn -0.136481 -0.849774 -0.509172
vn -0.019939 -0.977641 -0.209335
vn 0.000000 0.000000 0.000000
vn 0.000000 0.000000 0.000000
vn 0.000000 0.000000 0.000000
vn 0.000000 0.000000 0.000000
vn 0.000000 0.000000 0.000000
vn 0.000000 0.000000 0.000000
vn 0.000000 0.000000 0.000000
vn 0.000000 0.000000 0.000000
s 1
g polySurface40 polySurface69
usemtl blinn2SG
f 1435/1560/1648 1462/1561/1649 1463/1562/1650 1447/1563/1651
f 1439/1564/1652 1467/1565/1653 1468/1566/1654 1437/1567/1655
f 1441/1568/1656 1466/1569/1657 1467/1565/1653 1439/1564/1658
f 1443/1570/1659 1465/1571/1660 1466/1569/1657 1441/1568/1656
f 1445/1572/1661 1464/1573/1662 1465/1571/1660 1443/1570/1659
f 1447/1563/1651 1463/1562/1650 1464/1573/1662 1445/1572/1661
f 1449/1574/1663 1448/1575/1664 1434/1576/1665 1446/1577/1666
f 1450/1578/1667 1449/1574/1663 1446/1577/1666 1444/1579/1668
f 1451/1580/1669 1450/1578/1667 1444/1579/1668 1442/1581/1670
f 1452/1582/1671 1451/1580/1669 1442/1581/1670 1440/1583/1672
f 1453/1584/1673 1452/1582/1671 1440/1583/1672 1438/1585/1674
f 1454/1586/1675 1453/1584/1673 1438/1585/1676 1436/1587/1677
f 1456/1588/1678 1455/1589/1679 1448/1575/1664 1449/1574/1663
f 1457/1590/1680 1456/1588/1678 1449/1574/1663 1450/1578/1667
f 1458/1591/1681 1457/1590/1680 1450/1578/1667 1451/1580/1669
f 1459/1592/1682 1458/1591/1681 1451/1580/1669 1452/1582/1671
f 1460/1593/1683 1459/1592/1682 1452/1582/1671 1453/1584/1673
f 1461/1594/1684 1460/1593/1683 1453/1584/1673 1454/1586/1675
f 1463/1562/1650 1462/1561/1649 1455/1589/1679 1456/1588/1678
f 1464/1573/1662 1463/1562/1650 1456/1588/1678 1457/1590/1680
f 1465/1571/1660 1464/1573/1662 1457/1590/1680 1458/1591/1681
f 1466/1569/1657 1465/1571/1660 1458/1591/1681 1459/1592/1682
f 1467/1565/1653 1466/1569/1657 1459/1592/1682 1460/1593/1683
f 1468/1566/1654 1467/1565/1653 1460/1593/1683 1461/1594/1684
s off
f 1438/1595/1685 1453/1596/1686 1470/1597/1687 1469/1598/1688
f 1467/1599/1689 1439/1600/1690 1472/1601/1691 1471/1602/1692
g default
v 3.179110 20.613140 3.158103
v 3.250553 20.803112 -1.705203
v -0.770862 -0.221902 2.342226
v -0.699417 -0.031926 -2.521078
v 0.026395 2.093093 2.702033
v 0.097851 2.283070 -2.161264
v 0.515825 4.408105 2.923015
v 0.587273 4.598082 -1.940292
v 0.747788 6.723110 3.027869
v 0.819233 6.913088 -1.835434
v 0.804730 9.038124 3.053791
v 0.876188 9.228100 -1.809506
v 0.720280 11.353127 3.015945
v 0.791746 11.543105 -1.847351
v 0.705915 13.668134 2.907943
v 0.777363 13.858107 -1.955360
v 1.067225 15.983135 2.944443
v 1.138683 16.173119 -1.918858
v 1.631636 18.298149 2.995959
v 1.703092 18.488129 -1.867337
v 3.978116 20.660633 1.940183
v 2.430645 18.345644 1.778041
v 1.866234 16.030632 1.726525
v 1.504922 13.715628 1.690024
v 1.519291 11.400621 1.798028
v 1.603739 9.085618 1.835873
v 1.546794 6.770605 1.809950
v 1.314832 4.455599 1.705095
v 0.825403 2.140587 1.484115
v 0.028144 -0.174408 1.124307
v 4.222753 20.708126 0.510208
v 2.675286 18.393139 0.348069
v 2.110876 16.078127 0.296551
v 1.749561 13.763121 0.260050
v 1.763935 11.448116 0.368055
v 1.848381 9.133112 0.405901
v 1.791433 6.818099 0.379976
v 1.559471 4.503094 0.275120
v 1.070044 2.188081 0.054143
v 0.272783 -0.126914 -0.305667
v 3.727377 20.755619 -0.550765
v 2.179913 18.440634 -0.712902
v 1.615503 16.125622 -0.764421
v 1.254186 13.810614 -0.800923
v 1.268564 11.495611 -0.692915
v 1.353008 9.180606 -0.655070
v 1.296056 6.865593 -0.680997
v 1.064096 4.550588 -0.785854
v 0.574671 2.235576 -1.006828
v -0.222594 -0.079420 -1.366640
vt 0.277932 0.947386
vt 0.225823 0.947386
vt 0.225823 0.850004
vt 0.277932 0.850004
vt 0.277932 0.168333
vt 0.225823 0.168333
vt 0.225823 0.070951
vt 0.277932 0.070951
vt 0.277932 0.265715
vt 0.225823 0.265715
vt 0.277932 0.363096
vt 0.225823 0.363096
vt 0.277932 0.460478
vt 0.225823 0.460478
vt 0.277932 0.557860
vt 0.225823 0.557860
vt 0.277932 0.655241
vt 0.225823 0.655241
vt 0.277932 0.752623
vt 0.225823 0.752623
vt 0.121604 0.850004
vt 0.121604 0.947386
vt 0.069494 0.947386
vt 0.069494 0.850004
vt 0.121604 0.752623
vt 0.069494 0.752623
vt 0.121604 0.655241
vt 0.069494 0.655241
vt 0.121604 0.557860
vt 0.069494 0.557860
vt 0.121604 0.460478
vt 0.069494 0.460478
vt 0.121604 0.363096
vt 0.069494 0.363096
vt 0.121604 0.265715
vt 0.069494 0.265715
vt 0.121604 0.168333
vt 0.069494 0.168333
vt 0.121604 0.070951
vt 0.069494 0.070951
vt 0.173713 0.850004
vt 0.173713 0.947386
vt 0.173713 0.752623
vt 0.173713 0.655241
vt 0.173713 0.557860
vt 0.173713 0.460478
vt 0.173713 0.363096
vt 0.173713 0.265715
vt 0.173713 0.168333
vt 0.173713 0.070951
vn 0.790667 -0.504200 -0.347316
vn 0.784413 -0.498498 -0.369048
vn 0.845983 -0.368133 -0.385735
vn 0.858291 -0.356443 -0.369168
vn 0.901022 -0.207902 -0.380706
vn 0.894158 -0.197894 -0.401645
vn 0.885574 -0.243504 -0.395556
vn 0.891683 -0.248258 -0.378509
vn 0.916093 -0.117935 -0.383230
vn 0.907803 -0.112923 -0.403910
vn 0.922562 -0.046958 -0.382982
vn 0.913856 -0.045612 -0.403469
vn 0.924327 0.005120 -0.381567
vn 0.915626 0.004386 -0.402007
vn 0.924342 0.006769 -0.381505
vn 0.915751 0.006897 -0.401688
vn 0.920494 -0.075887 -0.383317
vn 0.912336 -0.074515 -0.402604
vn 0.907817 -0.172889 -0.382072
vn 0.899410 -0.172188 -0.401763
vn 0.851150 -0.411713 0.325632
vn 0.791669 -0.548101 0.269901
vn 0.725036 -0.516560 0.455510
vn 0.787458 -0.356658 0.502698
vn 0.915051 -0.190582 0.355473
vn 0.826674 -0.172430 0.535610
vn 0.929170 -0.064709 0.363944
vn 0.835986 -0.049501 0.546513
vn 0.928552 0.031643 0.369852
vn 0.834976 0.035251 0.549157
vn 0.930168 0.006450 0.367079
vn 0.836011 0.005719 0.548683
vn 0.928928 -0.067870 0.363988
vn 0.835381 -0.068647 0.545368
vn 0.919162 -0.166991 0.356728
vn 0.827137 -0.168789 0.536055
vn 0.894032 -0.288768 0.342521
vn 0.804910 -0.291832 0.516676
vn 0.874157 -0.352904 0.333628
vn 0.789379 -0.350220 0.504210
vn 0.901343 -0.417870 -0.113869
vn 0.831021 -0.549419 -0.086847
vn 0.975066 -0.194315 -0.107185
vn 0.990864 -0.077414 -0.110436
vn 0.995112 0.018375 -0.097027
vn 0.995305 0.005778 -0.096620
vn 0.993432 -0.058899 -0.098104
vn 0.984403 -0.145618 -0.098725
vn 0.962177 -0.253397 -0.100024
vn 0.943298 -0.304219 -0.132818
s 1
g pPlane1 polySurface1
usemtl blinn1SG
f 1474/1603/1693 1513/1604/1694 1514/1605/1695 1492/1606/1696
f 1478/1607/1697 1521/1608/1698 1522/1609/1699 1476/1610/1700
f 1480/1611/1701 1520/1612/1702 1521/1608/1698 1478/1607/1697
f 1482/1613/1703 1519/1614/1704 1520/1612/1702 1480/1611/1701
f 1484/1615/1705 1518/1616/1706 1519/1614/1704 1482/1613/1703
f 1486/1617/1707 1517/1618/1708 1518/1616/1706 1484/1615/1705
f 1488/1619/1709 1516/1620/1710 1517/1618/1708 1486/1617/1707
f 1490/1621/1711 1515/1622/1712 1516/1620/1710 1488/1619/1709
f 1492/1606/1696 1514/1605/1695 1515/1622/1712 1490/1621/1711
f 1494/1623/1713 1493/1624/1714 1473/1625/1715 1491/1626/1716
f 1495/1627/1717 1494/1623/1713 1491/1626/1716 1489/1628/1718
f 1496/1629/1719 1495/1627/1717 1489/1628/1718 1487/1630/1720
f 1497/1631/1721 1496/1629/1719 1487/1630/1720 1485/1632/1722
f 1498/1633/1723 1497/1631/1721 1485/1632/1722 1483/1634/1724
f 1499/1635/1725 1498/1633/1723 1483/1634/1724 1481/1636/1726
f 1500/1637/1727 1499/1635/1725 1481/1636/1726 1479/1638/1728
f 1501/1639/1729 1500/1637/1727 1479/1638/1728 1477/1640/1730
f 1502/1641/1731 1501/1639/1729 1477/1640/1730 1475/1642/1732
f 1504/1643/1733 1503/1644/1734 1493/1624/1714 1494/1623/1713
f 1505/1645/1735 1504/1643/1733 1494/1623/1713 1495/1627/1717
f 1506/1646/1736 1505/1645/1735 1495/1627/1717 1496/1629/1719
f 1507/1647/1737 1506/1646/1736 1496/1629/1719 1497/1631/1721
f 1508/1648/1738 1507/1647/1737 1497/1631/1721 1498/1633/1723
f 1509/1649/1739 1508/1648/1738 1498/1633/1723 1499/1635/1725
f 1510/1650/1740 1509/1649/1739 1499/1635/1725 1500/1637/1727
f 1511/1651/1741 1510/1650/1740 1500/1637/1727 1501/1639/1729
f 1512/1652/1742 1511/1651/1741 1501/1639/1729 1502/1641/1731
f 1514/1605/1695 1513/1604/1694 1503/1644/1734 1504/1643/1733
f 1515/1622/1712 1514/1605/1695 1504/1643/1733 1505/1645/1735
f 1516/1620/1710 1515/1622/1712 1505/1645/1735 1506/1646/1736
f 1517/1618/1708 1516/1620/1710 1506/1646/1736 1507/1647/1737
f 1518/1616/1706 1517/1618/1708 1507/1647/1737 1508/1648/1738
f 1519/1614/1704 1518/1616/1706 1508/1648/1738 1509/1649/1739
f 1520/1612/1702 1519/1614/1704 1509/1649/1739 1510/1650/1740
f 1521/1608/1698 1520/1612/1702 1510/1650/1740 1511/1651/1741
f 1522/1609/1699 1521/1608/1698 1511/1651/1741 1512/1652/1742
g default
v 0.437560 0.000000 -0.096830
v 0.379530 0.000000 -0.210721
v 0.289145 0.000000 -0.301106
v 0.175254 0.000000 -0.359136
v 0.049005 0.000000 -0.379132
v -0.077245 0.000000 -0.359136
v -0.191136 0.000000 -0.301105
v -0.281521 0.000000 -0.210721
v -0.339551 0.000000 -0.096830
v -0.359547 0.000000 0.029420
v -0.339551 0.000000 0.155669
v -0.281521 0.000000 0.269560
v -0.191136 0.000000 0.359945
v -0.077245 0.000000 0.417975
v 0.049005 0.000000 0.437971
v 0.175254 0.000000 0.417975
v 0.289145 0.000000 0.359945
v 0.379530 0.000000 0.269560
v 0.437560 0.000000 0.155669
v 0.457556 0.000000 0.029420
v 0.441784 29.286490 -0.095250
v 0.383754 29.286490 -0.209142
v 0.293369 29.286490 -0.299526
v 0.179478 29.286490 -0.357557
v 0.053228 29.286490 -0.377553
v -0.073021 29.286490 -0.357557
v -0.186912 29.286490 -0.299526
v -0.277297 29.286490 -0.209141
v -0.335327 29.286490 -0.095250
v -0.355323 29.286490 0.030999
v -0.335327 29.286490 0.157249
v -0.277297 29.286490 0.271140
v -0.186912 29.286490 0.361524
v -0.073021 29.286490 0.419555
v 0.053228 29.286490 0.439551
v 0.179478 29.286490 0.419555
v 0.293369 29.286490 0.361524
v 0.383754 29.286490 0.271140
v 0.441784 29.286490 0.157249
v 0.461780 29.286490 0.030999
v 0.049005 0.000000 0.029420
v 0.053228 29.286490 0.030999
v 0.437560 3.263853 -0.096830
v 0.379530 3.263853 -0.210721
v 0.289145 3.263853 -0.301106
v 0.175254 3.263853 -0.359136
v 0.049005 3.263853 -0.379132
v -0.077245 3.263853 -0.359136
v -0.191136 3.263853 -0.301105
v -0.281521 3.263853 -0.210721
v -0.339551 3.263853 -0.096830
v -0.359547 3.263853 0.029420
v -0.339551 3.263853 0.155669
v -0.281521 3.263853 0.269560
v -0.191136 3.263853 0.359945
v -0.077245 3.263853 0.417975
v 0.049005 3.263853 0.437971
v 0.175254 3.263853 0.417975
v 0.289145 3.263853 0.359945
v 0.379530 3.263853 0.269560
v 0.437560 3.263853 0.155669
v 0.457556 3.263853 0.029420
v 0.559087 6.527710 -0.096830
v 0.501056 6.527710 -0.210721
v 0.410672 6.527710 -0.301106
v 0.296781 6.527710 -0.359136
v 0.170531 6.527710 -0.379132
v 0.044282 6.527710 -0.359136
v -0.069610 6.527710 -0.301105
v -0.159994 6.527710 -0.210721
v -0.218025 6.527710 -0.096830
v -0.238021 6.527710 0.029420
v -0.218025 6.527710 0.155669
v -0.159994 6.527710 0.269560
v -0.069610 6.527710 0.359945
v 0.044282 6.527710 0.417975
v 0.170531 6.527710 0.437971
v 0.296780 6.527710 0.417975
v 0.410672 6.527710 0.359945
v 0.501056 6.527710 0.269560
v 0.559087 6.527710 0.155669
v 0.579083 6.527710 0.029420
v 0.811364 9.791564 -0.096830
v 0.753334 9.791564 -0.210721
v 0.662949 9.791564 -0.301105
v 0.549058 9.791564 -0.359136
v 0.422808 9.791564 -0.379132
v 0.296559 9.791564 -0.359136
v 0.182668 9.791564 -0.301105
v 0.092283 9.791564 -0.210721
v 0.034253 9.791564 -0.096830
v 0.014257 9.791564 0.029420
v 0.034253 9.791564 0.155669
v 0.092283 9.791564 0.269560
v 0.182668 9.791564 0.359945
v 0.296559 9.791564 0.417975
v 0.422808 9.791564 0.437971
v 0.549058 9.791564 0.417975
v 0.662949 9.791564 0.359945
v 0.753333 9.791564 0.269560
v 0.811364 9.791564 0.155669
v 0.831360 9.791564 0.029420
v 0.960963 13.055428 -0.096830
v 0.902933 13.055428 -0.210721
v 0.812548 13.055428 -0.301105
v 0.698657 13.055428 -0.359136
v 0.572407 13.055428 -0.379132
v 0.446158 13.055428 -0.359136
v 0.332267 13.055428 -0.301105
v 0.241882 13.055428 -0.210721
v 0.183851 13.055428 -0.096830
v 0.163856 13.055428 0.029420
v 0.183851 13.055428 0.155669
v 0.241882 13.055428 0.269560
v 0.332267 13.055428 0.359945
v 0.446158 13.055428 0.417975
v 0.572407 13.055428 0.437971
v 0.698657 13.055428 0.417975
v 0.812548 13.055428 0.359945
v 0.902932 13.055428 0.269560
v 0.960963 13.055428 0.155669
v 0.980959 13.055428 0.029420
v 0.717387 16.319285 -0.096830
v 0.659357 16.319285 -0.210721
v 0.568972 16.319285 -0.301105
v 0.455081 16.319285 -0.359136
v 0.328831 16.319285 -0.379132
v 0.202582 16.319285 -0.359136
v 0.088691 16.319285 -0.301105
v -0.001694 16.319285 -0.210721
v -0.059724 16.319285 -0.096830
v -0.079720 16.319285 0.029420
v -0.059724 16.319285 0.155669
v -0.001694 16.319285 0.269560
v 0.088691 16.319285 0.359945
v 0.202582 16.319285 0.417975
v 0.328831 16.319285 0.437971
v 0.455081 16.319285 0.417975
v 0.568972 16.319285 0.359945
v 0.659356 16.319285 0.269560
v 0.717387 16.319285 0.155669
v 0.737383 16.319285 0.029420
v 0.383993 19.583140 -0.096830
v 0.325963 19.583140 -0.210721
v 0.235578 19.583140 -0.301106
v 0.121687 19.583140 -0.359136
v -0.004563 19.583140 -0.379132
v -0.130812 19.583140 -0.359136
v -0.244703 19.583140 -0.301105
v -0.335088 19.583140 -0.210721
v -0.393118 19.583140 -0.096830
v -0.413114 19.583140 0.029420
v -0.393118 19.583140 0.155669
v -0.335088 19.583140 0.269560
v -0.244703 19.583140 0.359945
v -0.130812 19.583140 0.417975
v -0.004563 19.583140 0.437971
v 0.121687 19.583140 0.417975
v 0.235578 19.583140 0.359945
v 0.325963 19.583140 0.269560
v 0.383993 19.583140 0.155669
v 0.403989 19.583140 0.029420
v 0.260329 22.846991 -0.096830
v 0.202299 22.846991 -0.210721
v 0.111914 22.846991 -0.301106
v -0.001977 22.846991 -0.359136
v -0.128227 22.846991 -0.379132
v -0.254476 22.846991 -0.359136
v -0.368367 22.846991 -0.301105
v -0.458752 22.846991 -0.210721
v -0.516782 22.846991 -0.096830
v -0.536778 22.846991 0.029420
v -0.516782 22.846991 0.155669
v -0.458752 22.846991 0.269560
v -0.368367 22.846991 0.359945
v -0.254476 22.846991 0.417975
v -0.128227 22.846991 0.437971
v -0.001977 22.846991 0.417975
v 0.111914 22.846991 0.359945
v 0.202299 22.846991 0.269560
v 0.260329 22.846991 0.155669
v 0.280325 22.846991 0.029420
v 0.437560 26.110850 -0.096830
v 0.379530 26.110850 -0.210721
v 0.289145 26.110850 -0.301106
v 0.175254 26.110850 -0.359136
v 0.049005 26.110850 -0.379132
v -0.077245 26.110850 -0.359136
v -0.191136 26.110850 -0.301105
v -0.281521 26.110850 -0.210721
v -0.339551 26.110850 -0.096830
v -0.359547 26.110850 0.029420
v -0.339551 26.110850 0.155669
v -0.281521 26.110850 0.269560
v -0.191136 26.110850 0.359945
v -0.077245 26.110850 0.417975
v 0.049005 26.110850 0.437971
v 0.175254 26.110850 0.417975
v 0.289145 26.110850 0.359945
v 0.379530 26.110850 0.269560
v 0.437560 26.110850 0.155669
v 0.457556 26.110850 0.029420
vt 0.496819 0.707201
vt 0.432305 0.706555
vt 0.439919 0.792904
vt 0.486804 0.795063
vt 0.435643 0.706401
vt 0.442587 0.791452
vt 0.439000 0.706224
vt 0.445189 0.790205
vt 0.442375 0.706038
vt 0.447733 0.789160
vt 0.445766 0.705860
vt 0.450226 0.788308
vt 0.449171 0.705703
vt 0.452673 0.787637
vt 0.452587 0.705580
vt 0.455080 0.787139
vt 0.456013 0.705500
vt 0.457455 0.786803
vt 0.459445 0.705470
vt 0.459808 0.786620
vt 0.462879 0.705492
vt 0.462147 0.786587
vt 0.466312 0.705565
vt 0.464483 0.786701
vt 0.469741 0.705686
vt 0.466826 0.786962
vt 0.473163 0.705848
vt 0.469185 0.787374
vt 0.476576 0.706042
vt 0.471568 0.787943
vt 0.479979 0.706256
vt 0.473985 0.788677
vt 0.483372 0.706477
vt 0.476440 0.789584
vt 0.486753 0.706694
vt 0.478940 0.790673
vt 0.490121 0.706894
vt 0.481493 0.791948
vt 0.493477 0.707066
vt 0.484110 0.793410
vt 0.445842 0.023645
vt 0.492897 0.022457
vt 0.468009 0.019011
vt 0.448462 0.025097
vt 0.451019 0.026363
vt 0.453522 0.027441
vt 0.455982 0.028338
vt 0.458404 0.029063
vt 0.460794 0.029624
vt 0.463161 0.030030
vt 0.465514 0.030286
vt 0.467860 0.030397
vt 0.470210 0.030363
vt 0.472572 0.030181
vt 0.474957 0.029847
vt 0.477373 0.029353
vt 0.479827 0.028687
vt 0.482325 0.027841
vt 0.484874 0.026802
vt 0.487479 0.025563
vt 0.490150 0.024117
vt 0.461994 0.797990
vt 0.436680 0.110432
vt 0.500955 0.110832
vt 0.440037 0.110546
vt 0.443406 0.110651
vt 0.446786 0.110743
vt 0.450175 0.110824
vt 0.453572 0.110896
vt 0.456974 0.110959
vt 0.460380 0.111015
vt 0.463789 0.111065
vt 0.467198 0.111110
vt 0.470607 0.111146
vt 0.474013 0.111174
vt 0.477415 0.111189
vt 0.480811 0.111189
vt 0.484200 0.111171
vt 0.487579 0.111133
vt 0.490946 0.111076
vt 0.494300 0.111002
vt 0.497637 0.110917
vt 0.436663 0.196090
vt 0.499808 0.196601
vt 0.439985 0.195992
vt 0.443306 0.195859
vt 0.446627 0.195708
vt 0.449947 0.195556
vt 0.453270 0.195422
vt 0.456594 0.195320
vt 0.459919 0.195264
vt 0.463247 0.195260
vt 0.466574 0.195314
vt 0.469900 0.195420
vt 0.473223 0.195571
vt 0.476545 0.195755
vt 0.479866 0.195955
vt 0.483186 0.196154
vt 0.486508 0.196334
vt 0.489832 0.196478
vt 0.493157 0.196575
vt 0.496483 0.196617
vt 0.436093 0.281228
vt 0.499176 0.281728
vt 0.439414 0.281121
vt 0.442733 0.280976
vt 0.446051 0.280811
vt 0.449369 0.280645
vt 0.452688 0.280497
vt 0.456009 0.280383
vt 0.459332 0.280319
vt 0.462656 0.280312
vt 0.465980 0.280365
vt 0.469302 0.280477
vt 0.472621 0.280637
vt 0.475938 0.280832
vt 0.479253 0.281045
vt 0.482569 0.281256
vt 0.485886 0.281447
vt 0.489206 0.281601
vt 0.492528 0.281704
vt 0.495852 0.281747
vt 0.435369 0.365543
vt 0.498686 0.365975
vt 0.438694 0.365600
vt 0.442019 0.365666
vt 0.445346 0.365736
vt 0.448677 0.365807
vt 0.452011 0.365874
vt 0.455350 0.365932
vt 0.458693 0.365978
vt 0.462038 0.366009
vt 0.465383 0.366026
vt 0.468726 0.366028
vt 0.472066 0.366018
vt 0.475402 0.365999
vt 0.478733 0.365975
vt 0.482061 0.365952
vt 0.485387 0.365934
vt 0.488713 0.365925
vt 0.492038 0.365927
vt 0.495362 0.365944
vt 0.434915 0.450012
vt 0.497945 0.450377
vt 0.438231 0.450227
vt 0.441542 0.450497
vt 0.444851 0.450795
vt 0.448159 0.451095
vt 0.451471 0.451369
vt 0.454787 0.451591
vt 0.458108 0.451743
vt 0.461433 0.451811
vt 0.464758 0.451792
vt 0.468081 0.451688
vt 0.471400 0.451514
vt 0.474715 0.451289
vt 0.478028 0.451038
vt 0.481341 0.450788
vt 0.484656 0.450567
vt 0.487975 0.450399
vt 0.491297 0.450305
vt 0.494622 0.450296
vt 0.434326 0.535416
vt 0.497296 0.535796
vt 0.437642 0.535595
vt 0.440953 0.535817
vt 0.444262 0.536061
vt 0.447569 0.536305
vt 0.450877 0.536527
vt 0.454188 0.536709
vt 0.457501 0.536834
vt 0.460817 0.536893
vt 0.464134 0.536882
vt 0.467449 0.536805
vt 0.470762 0.536672
vt 0.474073 0.536498
vt 0.477383 0.536302
vt 0.480695 0.536107
vt 0.484009 0.535934
vt 0.487327 0.535804
vt 0.490649 0.535731
vt 0.493973 0.535728
vt 0.433636 0.620987
vt 0.496737 0.621447
vt 0.436960 0.620993
vt 0.440283 0.620994
vt 0.443603 0.620993
vt 0.446922 0.620992
vt 0.450240 0.620992
vt 0.453557 0.620998
vt 0.456874 0.621009
vt 0.460191 0.621028
vt 0.463507 0.621056
vt 0.466825 0.621090
vt 0.470143 0.621130
vt 0.473462 0.621176
vt 0.476782 0.621224
vt 0.480105 0.621272
vt 0.483430 0.621319
vt 0.486757 0.621361
vt 0.490085 0.621398
vt 0.493413 0.621427
vt 0.428987 0.706667
vt 0.437174 0.794569
vt 0.430311 0.620973
vt 0.431005 0.535295
vt 0.431595 0.449869
vt 0.432045 0.365497
vt 0.432770 0.281284
vt 0.433340 0.196142
vt 0.433338 0.110311
vt 0.443144 0.022001
vn 0.950967 -0.026662 -0.308141
vn 0.809722 -0.022650 -0.586377
vn 0.809086 -0.000784 -0.587689
vn 0.951083 -0.001111 -0.308932
vn 0.589444 -0.016434 -0.807642
vn 0.587895 -0.000380 -0.808937
vn 0.311417 -0.008601 -0.950235
vn 0.309151 0.000062 -0.951013
vn 0.002673 0.000097 -0.999996
vn 0.000132 0.000497 -1.000000
vn -0.306581 0.008813 -0.951804
vn -0.308912 0.000884 -0.951090
vn -0.585944 0.016687 -0.810179
vn -0.587722 0.001184 -0.809062
vn -0.807871 0.022932 -0.588914
vn -0.808994 0.001368 -0.587815
vn -0.950450 0.026917 -0.309710
vn -0.951057 0.001419 -0.309011
vn -0.999601 0.028240 -0.000024
vn -0.999999 0.001330 0.000049
vn -0.950468 0.026766 0.309667
vn -0.951029 0.001111 0.309101
vn -0.807899 0.022644 0.588885
vn -0.808948 0.000784 0.587881
vn -0.585971 0.016290 0.810168
vn -0.587675 0.000379 0.809097
vn -0.306597 0.008347 0.951803
vn -0.308882 -0.000062 0.951100
vn 0.002673 -0.000394 0.999996
vn 0.000132 -0.000498 1.000000
vn 0.311430 -0.009068 0.950226
vn 0.309122 -0.000884 0.951022
vn 0.589464 -0.016831 0.807619
vn 0.587848 -0.001184 0.808970
vn 0.809740 -0.022938 0.586341
vn 0.809038 -0.001368 0.587754
vn 0.950977 -0.026813 0.308096
vn 0.951054 -0.001419 0.309023
vn 0.999605 -0.028094 -0.000024
vn 0.999999 -0.001330 0.000050
vn 0.000000 -1.000000 0.000000
vn 0.000000 -1.000000 0.000000
vn 0.000000 -1.000000 -0.000000
vn 0.000000 -1.000000 0.000000
vn 0.000000 -1.000000 0.000000
vn 0.000000 -1.000000 0.000000
vn 0.000000 -1.000000 0.000000
vn 0.000000 -1.000000 0.000000
vn 0.000000 -1.000000 0.000000
vn 0.000000 -1.000000 0.000000
vn 0.000000 -1.000000 0.000000
vn 0.000000 -1.000000 0.000000
vn 0.000000 -1.000000 0.000000
vn 0.000000 -1.000000 -0.000000
vn 0.000000 -1.000000 -0.000000
vn 0.000000 -1.000000 -0.000000
vn 0.000000 -1.000000 -0.000000
vn 0.000000 -1.000000 0.000000
vn 0.000000 -1.000000 -0.000000
vn 0.000000 -1.000000 -0.000000
vn 0.000000 -1.000000 0.000000
vn 0.000000 1.000000 0.000000
vn 0.000000 1.000000 0.000000
vn 0.000000 1.000000 -0.000000
vn 0.000000 1.000000 0.000000
vn 0.000000 1.000000 0.000000
vn 0.000000 1.000000 0.000000
vn 0.000000 1.000000 0.000000
vn 0.000000 1.000000 0.000000
vn 0.000000 1.000000 0.000000
vn 0.000000 1.000000 0.000000
vn 0.000000 1.000000 0.000000
vn 0.000000 1.000000 0.000000
vn 0.000000 1.000000 0.000000
vn 0.000000 1.000000 -0.000009
vn 0.000000 1.000000 -0.000005
vn 0.000000 1.000000 0.000002
vn 0.000000 1.000000 0.000002
vn 0.000000 1.000000 0.000005
vn 0.000000 1.000000 0.000000
vn 0.000000 1.000000 0.000000
vn 0.000000 1.000000 0.000000
vn 0.951057 0.000000 -0.309016
vn 0.809017 -0.000000 -0.587785
vn 0.808286 -0.015059 -0.588598
vn 0.950731 -0.017728 -0.309511
vn 0.587785 -0.000000 -0.809017
vn 0.586538 -0.010909 -0.809848
vn 0.309017 0.000000 -0.951057
vn 0.307336 -0.005694 -0.951584
vn -0.000000 -0.000000 -1.000000
vn -0.001853 0.000069 -0.999998
vn -0.309017 -0.000000 -0.951056
vn -0.310689 0.005812 -0.950494
vn -0.587785 -0.000000 -0.809017
vn -0.588964 0.010975 -0.808085
vn -0.809017 -0.000000 -0.587785
vn -0.809566 0.015061 -0.586836
vn -0.951057 -0.000000 -0.309017
vn -0.951085 0.017678 -0.308423
vn -1.000000 0.000000 0.000000
vn -0.999827 0.018579 -0.000000
vn -0.951057 0.000000 0.309017
vn -0.951085 0.017678 0.308423
vn -0.809017 0.000000 0.587785
vn -0.809566 0.015061 0.586836
vn -0.587785 0.000000 0.809017
vn -0.588963 0.010975 0.808085
vn -0.309017 0.000000 0.951057
vn -0.310688 0.005812 0.950494
vn 0.000000 0.000000 1.000000
vn -0.001853 0.000069 0.999998
vn 0.309017 0.000000 0.951056
vn 0.307336 -0.005694 0.951584
vn 0.587785 0.000000 0.809017
vn 0.586538 -0.010909 0.809848
vn 0.809017 0.000000 0.587785
vn 0.808286 -0.015059 0.588598
vn 0.951057 0.000000 0.309017
vn 0.950730 -0.017728 0.309512
vn 1.000000 0.000000 0.000001
vn 0.999826 -0.018648 0.000001
vn 0.807465 -0.046274 -0.588097
vn 0.949456 -0.054462 -0.309139
vn 0.586156 -0.033531 -0.809504
vn 0.307173 -0.017498 -0.951493
vn -0.001988 0.000228 -0.999998
vn -0.310766 0.017888 -0.950318
vn -0.588751 0.033750 -0.807609
vn -0.808836 0.046282 -0.586210
vn -0.949843 0.054300 -0.307977
vn -0.998371 0.057057 -0.000000
vn -0.949843 0.054300 0.307977
vn -0.808836 0.046282 0.586210
vn -0.588751 0.033750 0.807610
vn -0.310766 0.017888 0.950318
vn -0.001988 0.000228 0.999998
vn 0.307173 -0.017498 0.951493
vn 0.586156 -0.033531 0.809504
vn 0.807466 -0.046274 0.588097
vn 0.949456 -0.054462 0.309140
vn 0.998358 -0.057284 0.000001
vn 0.808553 -0.049748 -0.586316
vn 0.949583 -0.058383 -0.308031
vn 0.588419 -0.036255 -0.807743
vn 0.310371 -0.019186 -0.950422
vn 0.001560 -0.000192 -0.999999
vn -0.307552 0.018856 -0.951345
vn -0.586384 0.036071 -0.809230
vn -0.807478 0.049742 -0.587797
vn -0.949278 0.058520 -0.308944
vn -0.998104 0.061544 -0.000000
vn -0.949278 0.058520 0.308944
vn -0.807478 0.049742 0.587797
vn -0.586383 0.036071 0.809230
vn -0.307552 0.018856 0.951345
vn 0.001561 -0.000192 0.999999
vn 0.310372 -0.019186 0.950422
vn 0.588419 -0.036256 0.807743
vn 0.808553 -0.049748 0.586316
vn 0.949583 -0.058383 0.308032
vn 0.998116 -0.061352 0.000001
vn 0.811036 0.011649 -0.584881
vn 0.951542 0.013629 -0.307218
vn 0.591690 0.008545 -0.806120
vn 0.314436 0.004597 -0.949268
vn 0.005990 0.000172 -0.999982
vn -0.303602 -0.004301 -0.952789
vn -0.583852 -0.008379 -0.811817
vn -0.806899 -0.011643 -0.590575
vn -0.950397 -0.013752 -0.310736
vn -0.999895 -0.014480 0.000000
vn -0.950397 -0.013752 0.310736
vn -0.806899 -0.011643 0.590575
vn -0.583852 -0.008379 0.811817
vn -0.303602 -0.004301 0.952789
vn 0.005990 0.000172 0.999982
vn 0.314436 0.004597 0.949267
vn 0.591690 0.008545 0.806120
vn 0.811036 0.011649 0.584881
vn 0.951541 0.013629 0.307219
vn 0.999898 0.014309 0.000001
vn 0.807424 0.071329 -0.585644
vn 0.947850 0.083681 -0.307535
vn 0.587878 0.051998 -0.807277
vn 0.310129 0.027509 -0.950296
vn 0.001359 0.000241 -0.999999
vn -0.307675 -0.027097 -0.951106
vn -0.586110 -0.051768 -0.808576
vn -0.806490 -0.071321 -0.586931
vn -0.947578 -0.083851 -0.308325
vn -0.996106 -0.088164 0.000000
vn -0.947578 -0.083851 0.308325
vn -0.806490 -0.071321 0.586931
vn -0.586110 -0.051768 0.808576
vn -0.307675 -0.027097 0.951106
vn 0.001360 0.000241 0.999999
vn 0.310129 0.027509 0.950296
vn 0.587878 0.051998 0.807277
vn 0.807424 0.071329 0.585644
vn 0.947850 0.083681 0.307536
vn 0.996127 0.087925 0.000001
vn 0.806628 0.056547 -0.588349
vn 0.948643 0.066602 -0.309258
vn 0.585215 0.040907 -0.809846
vn 0.306071 0.021250 -0.951772
vn -0.003183 -0.000446 -0.999995
vn -0.311821 -0.022014 -0.949886
vn -0.589365 -0.041335 -0.806809
vn -0.808820 -0.056563 -0.585330
vn -0.949268 -0.066285 -0.307403
vn -0.997573 -0.069625 0.000000
vn -0.949268 -0.066285 0.307403
vn -0.808819 -0.056563 0.585330
vn -0.589364 -0.041335 0.806809
vn -0.311821 -0.022014 0.949886
vn -0.003183 -0.000446 0.999995
vn 0.306071 0.021250 0.951771
vn 0.585215 0.040907 0.809846
vn 0.806628 0.056547 0.588349
vn 0.948643 0.066602 0.309259
vn 0.997542 0.070068 0.000001
vn 0.807418 -0.006637 -0.589943
vn 0.950591 -0.007831 -0.310348
vn 0.584781 -0.004787 -0.811177
vn 0.304870 -0.002471 -0.952391
vn -0.004587 0.000075 -0.999990
vn -0.313168 0.002600 -0.949694
vn -0.590784 0.004860 -0.806815
vn -0.810587 0.006640 -0.585581
vn -0.951467 0.007777 -0.307653
vn -0.999967 0.008168 0.000000
vn -0.951467 0.007777 0.307653
vn -0.810587 0.006640 0.585581
vn -0.590784 0.004860 0.806815
vn -0.313167 0.002600 0.949694
vn -0.004587 0.000075 0.999990
vn 0.304870 -0.002471 0.952391
vn 0.584781 -0.004787 0.811177
vn 0.807418 -0.006637 0.589943
vn 0.950591 -0.007831 0.310349
vn 0.999966 -0.008243 0.000001
s 1
g pCylinder1
usemtl lambert2SG
f 1705/1855/1743 1706/1654/1744 1544/1655/1745 1543/1856/1746
f 1706/1654/1744 1707/1657/1747 1545/1658/1748 1544/1655/1745
f 1707/1657/1747 1708/1659/1749 1546/1660/1750 1545/1658/1748
f 1708/1659/1749 1709/1661/1751 1547/1662/1752 1546/1660/1750
f 1709/1661/1751 1710/1663/1753 1548/1664/1754 1547/1662/1752
f 1710/1663/1753 1711/1665/1755 1549/1666/1756 1548/1664/1754
f 1711/1665/1755 1712/1667/1757 1550/1668/1758 1549/1666/1756
f 1712/1667/1757 1713/1669/1759 1551/1670/1760 1550/1668/1758
f 1713/1669/1759 1714/1671/1761 1552/1672/1762 1551/1670/1760
f 1714/1671/1761 1715/1673/1763 1553/1674/1764 1552/1672/1762
f 1715/1673/1763 1716/1675/1765 1554/1676/1766 1553/1674/1764
f 1716/1675/1765 1717/1677/1767 1555/1678/1768 1554/1676/1766
f 1717/1677/1767 1718/1679/1769 1556/1680/1770 1555/1678/1768
f 1718/1679/1769 1719/1681/1771 1557/1682/1772 1556/1680/1770
f 1719/1681/1771 1720/1683/1773 1558/1684/1774 1557/1682/1772
f 1720/1683/1773 1721/1685/1775 1559/1686/1776 1558/1684/1774
f 1721/1685/1775 1722/1687/1777 1560/1688/1778 1559/1686/1776
f 1722/1687/1777 1723/1689/1779 1561/1690/1780 1560/1688/1778
f 1723/1689/1779 1724/1691/1781 1562/1692/1782 1561/1690/1780
f 1724/1691/1781 1705/1653/1743 1543/1656/1746 1562/1692/1782
s 2
f 1524/1693/1783 1523/1864/1784 1563/1695/1785
f 1525/1696/1786 1524/1693/1783 1563/1695/1785
f 1526/1697/1787 1525/1696/1786 1563/1695/1785
f 1527/1698/1788 1526/1697/1787 1563/1695/1785
f 1528/1699/1789 1527/1698/1788 1563/1695/1785
f 1529/1700/1790 1528/1699/1789 1563/1695/1785
f 1530/1701/1791 1529/1700/1790 1563/1695/1785
f 1531/1702/1792 1530/1701/1791 1563/1695/1785
f 1532/1703/1793 1531/1702/1792 1563/1695/1785
f 1533/1704/1794 1532/1703/1793 1563/1695/1785
f 1534/1705/1795 1533/1704/1794 1563/1695/1785
f 1535/1706/1796 1534/1705/1795 1563/1695/1785
f 1536/1707/1797 1535/1706/1796 1563/1695/1785
f 1537/1708/1798 1536/1707/1797 1563/1695/1785
f 1538/1709/1799 1537/1708/1798 1563/1695/1785
f 1539/1710/1800 1538/1709/1799 1563/1695/1785
f 1540/1711/1801 1539/1710/1800 1563/1695/1785
f 1541/1712/1802 1540/1711/1801 1563/1695/1785
f 1542/1713/1803 1541/1712/1802 1563/1695/1785
f 1523/1694/1784 1542/1713/1803 1563/1695/1785
s 3
f 1543/1856/1804 1544/1655/1805 1564/1714/1806
f 1544/1655/1805 1545/1658/1807 1564/1714/1806
f 1545/1658/1807 1546/1660/1808 1564/1714/1806
f 1546/1660/1808 1547/1662/1809 1564/1714/1806
f 1547/1662/1809 1548/1664/1810 1564/1714/1806
f 1548/1664/1810 1549/1666/1811 1564/1714/1806
f 1549/1666/1811 1550/1668/1812 1564/1714/1806
f 1550/1668/1812 1551/1670/1813 1564/1714/1806
f 1551/1670/1813 1552/1672/1814 1564/1714/1806
f 1552/1672/1814 1553/1674/1815 1564/1714/1806
f 1553/1674/1815 1554/1676/1816 1564/1714/1806
f 1554/1676/1816 1555/1678/1817 1564/1714/1806
f 1555/1678/1817 1556/1680/1818 1564/1714/1806
f 1556/1680/1818 1557/1682/1819 1564/1714/1806
f 1557/1682/1819 1558/1684/1820 1564/1714/1806
f 1558/1684/1820 1559/1686/1821 1564/1714/1806
f 1559/1686/1821 1560/1688/1822 1564/1714/1806
f 1560/1688/1822 1561/1690/1823 1564/1714/1806
f 1561/1690/1823 1562/1692/1824 1564/1714/1806
f 1562/1692/1824 1543/1656/1804 1564/1714/1806
s 1
f 1523/1864/1825 1524/1693/1826 1566/1715/1827 1565/1863/1828
f 1524/1693/1826 1525/1696/1829 1567/1717/1830 1566/1715/1827
f 1525/1696/1829 1526/1697/1831 1568/1718/1832 1567/1717/1830
f 1526/1697/1831 1527/1698/1833 1569/1719/1834 1568/1718/1832
f 1527/1698/1833 1528/1699/1835 1570/1720/1836 1569/1719/1834
f 1528/1699/1835 1529/1700/1837 1571/1721/1838 1570/1720/1836
f 1529/1700/1837 1530/1701/1839 1572/1722/1840 1571/1721/1838
f 1530/1701/1839 1531/1702/1841 1573/1723/1842 1572/1722/1840
f 1531/1702/1841 1532/1703/1843 1574/1724/1844 1573/1723/1842
f 1532/1703/1843 1533/1704/1845 1575/1725/1846 1574/1724/1844
f 1533/1704/1845 1534/1705/1847 1576/1726/1848 1575/1725/1846
f 1534/1705/1847 1535/1706/1849 1577/1727/1850 1576/1726/1848
f 1535/1706/1849 1536/1707/1851 1578/1728/1852 1577/1727/1850
f 1536/1707/1851 1537/1708/1853 1579/1729/1854 1578/1728/1852
f 1537/1708/1853 1538/1709/1855 1580/1730/1856 1579/1729/1854
f 1538/1709/1855 1539/1710/1857 1581/1731/1858 1580/1730/1856
f 1539/1710/1857 1540/1711/1859 1582/1732/1860 1581/1731/1858
f 1540/1711/1859 1541/1712/1861 1583/1733/1862 1582/1732/1860
f 1541/1712/1861 1542/1713/1863 1584/1734/1864 1583/1733/1862
f 1542/1713/1863 1523/1694/1825 1565/1716/1828 1584/1734/1864
f 1565/1863/1828 1566/1715/1827 1586/1735/1865 1585/1862/1866
f 1566/1715/1827 1567/1717/1830 1587/1737/1867 1586/1735/1865
f 1567/1717/1830 1568/1718/1832 1588/1738/1868 1587/1737/1867
f 1568/1718/1832 1569/1719/1834 1589/1739/1869 1588/1738/1868
f 1569/1719/1834 1570/1720/1836 1590/1740/1870 1589/1739/1869
f 1570/1720/1836 1571/1721/1838 1591/1741/1871 1590/1740/1870
f 1571/1721/1838 1572/1722/1840 1592/1742/1872 1591/1741/1871
f 1572/1722/1840 1573/1723/1842 1593/1743/1873 1592/1742/1872
f 1573/1723/1842 1574/1724/1844 1594/1744/1874 1593/1743/1873
f 1574/1724/1844 1575/1725/1846 1595/1745/1875 1594/1744/1874
f 1575/1725/1846 1576/1726/1848 1596/1746/1876 1595/1745/1875
f 1576/1726/1848 1577/1727/1850 1597/1747/1877 1596/1746/1876
f 1577/1727/1850 1578/1728/1852 1598/1748/1878 1597/1747/1877
f 1578/1728/1852 1579/1729/1854 1599/1749/1879 1598/1748/1878
f 1579/1729/1854 1580/1730/1856 1600/1750/1880 1599/1749/1879
f 1580/1730/1856 1581/1731/1858 1601/1751/1881 1600/1750/1880
f 1581/1731/1858 1582/1732/1860 1602/1752/1882 1601/1751/1881
f 1582/1732/1860 1583/1733/1862 1603/1753/1883 1602/1752/1882
f 1583/1733/1862 1584/1734/1864 1604/1754/1884 1603/1753/1883
f 1584/1734/1864 1565/1716/1828 1585/1736/1866 1604/1754/1884
f 1585/1862/1866 1586/1735/1865 1606/1755/1885 1605/1861/1886
f 1586/1735/1865 1587/1737/1867 1607/1757/1887 1606/1755/1885
f 1587/1737/1867 1588/1738/1868 1608/1758/1888 1607/1757/1887
f 1588/1738/1868 1589/1739/1869 1609/1759/1889 1608/1758/1888
f 1589/1739/1869 1590/1740/1870 1610/1760/1890 1609/1759/1889
f 1590/1740/1870 1591/1741/1871 1611/1761/1891 1610/1760/1890
f 1591/1741/1871 1592/1742/1872 1612/1762/1892 1611/1761/1891
f 1592/1742/1872 1593/1743/1873 1613/1763/1893 1612/1762/1892
f 1593/1743/1873 1594/1744/1874 1614/1764/1894 1613/1763/1893
f 1594/1744/1874 1595/1745/1875 1615/1765/1895 1614/1764/1894
f 1595/1745/1875 1596/1746/1876 1616/1766/1896 1615/1765/1895
f 1596/1746/1876 1597/1747/1877 1617/1767/1897 1616/1766/1896
f 1597/1747/1877 1598/1748/1878 1618/1768/1898 1617/1767/1897
f 1598/1748/1878 1599/1749/1879 1619/1769/1899 1618/1768/1898
f 1599/1749/1879 1600/1750/1880 1620/1770/1900 1619/1769/1899
f 1600/1750/1880 1601/1751/1881 1621/1771/1901 1620/1770/1900
f 1601/1751/1881 1602/1752/1882 1622/1772/1902 1621/1771/1901
f 1602/1752/1882 1603/1753/1883 1623/1773/1903 1622/1772/1902
f 1603/1753/1883 1604/1754/1884 1624/1774/1904 1623/1773/1903
f 1604/1754/1884 1585/1736/1866 1605/1756/1886 1624/1774/1904
f 1605/1861/1886 1606/1755/1885 1626/1775/1905 1625/1860/1906
f 1606/1755/1885 1607/1757/1887 1627/1777/1907 1626/1775/1905
f 1607/1757/1887 1608/1758/1888 1628/1778/1908 1627/1777/1907
f 1608/1758/1888 1609/1759/1889 1629/1779/1909 1628/1778/1908
f 1609/1759/1889 1610/1760/1890 1630/1780/1910 1629/1779/1909
f 1610/1760/1890 1611/1761/1891 1631/1781/1911 1630/1780/1910
f 1611/1761/1891 1612/1762/1892 1632/1782/1912 1631/1781/1911
f 1612/1762/1892 1613/1763/1893 1633/1783/1913 1632/1782/1912
f 1613/1763/1893 1614/1764/1894 1634/1784/1914 1633/1783/1913
f 1614/1764/1894 1615/1765/1895 1635/1785/1915 1634/1784/1914
f 1615/1765/1895 1616/1766/1896 1636/1786/1916 1635/1785/1915
f 1616/1766/1896 1617/1767/1897 1637/1787/1917 1636/1786/1916
f 1617/1767/1897 1618/1768/1898 1638/1788/1918 1637/1787/1917
f 1618/1768/1898 1619/1769/1899 1639/1789/1919 1638/1788/1918
f 1619/1769/1899 1620/1770/1900 1640/1790/1920 1639/1789/1919
f 1620/1770/1900 1621/1771/1901 1641/1791/1921 1640/1790/1920
f 1621/1771/1901 1622/1772/1902 1642/1792/1922 1641/1791/1921
f 1622/1772/1902 1623/1773/1903 1643/1793/1923 1642/1792/1922
f 1623/1773/1903 1624/1774/1904 1644/1794/1924 1643/1793/1923
f 1624/1774/1904 1605/1756/1886 1625/1776/1906 1644/1794/1924
f 1625/1860/1906 1626/1775/1905 1646/1795/1925 1645/1859/1926
f 1626/1775/1905 1627/1777/1907 1647/1797/1927 1646/1795/1925
f 1627/1777/1907 1628/1778/1908 1648/1798/1928 1647/1797/1927
f 1628/1778/1908 1629/1779/1909 1649/1799/1929 1648/1798/1928
f 1629/1779/1909 1630/1780/1910 1650/1800/1930 1649/1799/1929
f 1630/1780/1910 1631/1781/1911 1651/1801/1931 1650/1800/1930
f 1631/1781/1911 1632/1782/1912 1652/1802/1932 1651/1801/1931
f 1632/1782/1912 1633/1783/1913 1653/1803/1933 1652/1802/1932
f 1633/1783/1913 1634/1784/1914 1654/1804/1934 1653/1803/1933
f 1634/1784/1914 1635/1785/1915 1655/1805/1935 1654/1804/1934
f 1635/1785/1915 1636/1786/1916 1656/1806/1936 1655/1805/1935
f 1636/1786/1916 1637/1787/1917 1657/1807/1937 1656/1806/1936
f 1637/1787/1917 1638/1788/1918 1658/1808/1938 1657/1807/1937
f 1638/1788/1918 1639/1789/1919 1659/1809/1939 1658/1808/1938
f 1639/1789/1919 1640/1790/1920 1660/1810/1940 1659/1809/1939
f 1640/1790/1920 1641/1791/1921 1661/1811/1941 1660/1810/1940
f 1641/1791/1921 1642/1792/1922 1662/1812/1942 1661/1811/1941
f 1642/1792/1922 1643/1793/1923 1663/1813/1943 1662/1812/1942
f 1643/1793/1923 1644/1794/1924 1664/1814/1944 1663/1813/1943
f 1644/1794/1924 1625/1776/1906 1645/1796/1926 1664/1814/1944
f 1645/1859/1926 1646/1795/1925 1666/1815/1945 1665/1858/1946
f 1646/1795/1925 1647/1797/1927 1667/1817/1947 1666/1815/1945
f 1647/1797/1927 1648/1798/1928 1668/1818/1948 1667/1817/1947
f 1648/1798/1928 1649/1799/1929 1669/1819/1949 1668/1818/1948
f 1649/1799/1929 1650/1800/1930 1670/1820/1950 1669/1819/1949
f 1650/1800/1930 1651/1801/1931 1671/1821/1951 1670/1820/1950
f 1651/1801/1931 1652/1802/1932 1672/1822/1952 1671/1821/1951
f 1652/1802/1932 1653/1803/1933 1673/1823/1953 1672/1822/1952
f 1653/1803/1933 1654/1804/1934 1674/1824/1954 1673/1823/1953
f 1654/1804/1934 1655/1805/1935 1675/1825/1955 1674/1824/1954
f 1655/1805/1935 1656/1806/1936 1676/1826/1956 1675/1825/1955
f 1656/1806/1936 1657/1807/1937 1677/1827/1957 1676/1826/1956
f 1657/1807/1937 1658/1808/1938 1678/1828/1958 1677/1827/1957
f 1658/1808/1938 1659/1809/1939 1679/1829/1959 1678/1828/1958
f 1659/1809/1939 1660/1810/1940 1680/1830/1960 1679/1829/1959
f 1660/1810/1940 1661/1811/1941 1681/1831/1961 1680/1830/1960
f 1661/1811/1941 1662/1812/1942 1682/1832/1962 1681/1831/1961
f 1662/1812/1942 1663/1813/1943 1683/1833/1963 1682/1832/1962
f 1663/1813/1943 1664/1814/1944 1684/1834/1964 1683/1833/1963
f 1664/1814/1944 1645/1796/1926 1665/1816/1946 1684/1834/1964
f 1665/1858/1946 1666/1815/1945 1686/1835/1965 1685/1857/1966
f 1666/1815/1945 1667/1817/1947 1687/1837/1967 1686/1835/1965
f 1667/1817/1947 1668/1818/1948 1688/1838/1968 1687/1837/1967
f 1668/1818/1948 1669/1819/1949 1689/1839/1969 1688/1838/1968
f 1669/1819/1949 1670/1820/1950 1690/1840/1970 1689/1839/1969
f 1670/1820/1950 1671/1821/1951 1691/1841/1971 1690/1840/1970
f 1671/1821/1951 1672/1822/1952 1692/1842/1972 1691/1841/1971
f 1672/1822/1952 1673/1823/1953 1693/1843/1973 1692/1842/1972
f 1673/1823/1953 1674/1824/1954 1694/1844/1974 1693/1843/1973
f 1674/1824/1954 1675/1825/1955 1695/1845/1975 1694/1844/1974
f 1675/1825/1955 1676/1826/1956 1696/1846/1976 1695/1845/1975
f 1676/1826/1956 1677/1827/1957 1697/1847/1977 1696/1846/1976
f 1677/1827/1957 1678/1828/1958 1698/1848/1978 1697/1847/1977
f 1678/1828/1958 1679/1829/1959 1699/1849/1979 1698/1848/1978
f 1679/1829/1959 1680/1830/1960 1700/1850/1980 1699/1849/1979
f 1680/1830/1960 1681/1831/1961 1701/1851/1981 1700/1850/1980
f 1681/1831/1961 1682/1832/1962 1702/1852/1982 1701/1851/1981
f 1682/1832/1962 1683/1833/1963 1703/1853/1983 1702/1852/1982
f 1683/1833/1963 1684/1834/1964 1704/1854/1984 1703/1853/1983
f 1684/1834/1964 1665/1816/1946 1685/1836/1966 1704/1854/1984
f 1685/1857/1966 1686/1835/1965 1706/1654/1744 1705/1855/1743
f 1686/1835/1965 1687/1837/1967 1707/1657/1747 1706/1654/1744
f 1687/1837/1967 1688/1838/1968 1708/1659/1749 1707/1657/1747
f 1688/1838/1968 1689/1839/1969 1709/1661/1751 1708/1659/1749
f 1689/1839/1969 1690/1840/1970 1710/1663/1753 1709/1661/1751
f 1690/1840/1970 1691/1841/1971 1711/1665/1755 1710/1663/1753
f 1691/1841/1971 1692/1842/1972 1712/1667/1757 1711/1665/1755
f 1692/1842/1972 1693/1843/1973 1713/1669/1759 1712/1667/1757
f 1693/1843/1973 1694/1844/1974 1714/1671/1761 1713/1669/1759
f 1694/1844/1974 1695/1845/1975 1715/1673/1763 1714/1671/1761
f 1695/1845/1975 1696/1846/1976 1716/1675/1765 1715/1673/1763
f 1696/1846/1976 1697/1847/1977 1717/1677/1767 1716/1675/1765
f 1697/1847/1977 1698/1848/1978 1718/1679/1769 1717/1677/1767
f 1698/1848/1978 1699/1849/1979 1719/1681/1771 1718/1679/1769
f 1699/1849/1979 1700/1850/1980 1720/1683/1773 1719/1681/1771
f 1700/1850/1980 1701/1851/1981 1721/1685/1775 1720/1683/1773
f 1701/1851/1981 1702/1852/1982 1722/1687/1777 1721/1685/1775
f 1702/1852/1982 1703/1853/1983 1723/1689/1779 1722/1687/1777
f 1703/1853/1983 1704/1854/1984 1724/1691/1781 1723/1689/1779
f 1704/1854/1984 1685/1836/1966 1705/1653/1743 1724/1691/1781
g default
v -4.870248 11.349149 -1.505367
v -4.442593 11.417853 1.378532
v 0.099638 -0.131647 -1.296269
v 0.527292 -0.062941 1.587629
v -0.353948 1.274628 -1.418477
v 0.073699 1.343336 1.465418
v -0.612319 2.673053 -1.488151
v -0.184667 2.741760 1.395749
v -0.707411 4.064899 -1.513877
v -0.279757 4.133607 1.370020
v -0.691509 5.452281 -1.509734
v -0.263863 5.520988 1.374161
v -0.865750 6.858392 -1.481219
v -0.438109 6.927100 1.402676
v -1.430095 8.299564 -1.425736
v -1.002443 8.368269 1.458162
v -2.359377 9.446294 -1.431560
v -1.931731 9.515005 1.452338
v -3.205640 10.447180 -1.446121
v -2.777994 10.515889 1.437773
v -5.224786 11.382880 -0.708145
v -3.560180 10.480912 -0.648900
v -2.713918 9.480028 -0.634338
v -1.784633 8.333296 -0.628514
v -1.220292 6.892124 -0.683997
v -1.046049 5.486013 -0.712512
v -1.061949 4.098631 -0.716655
v -0.966858 2.706785 -0.690929
v -0.708488 1.308360 -0.621256
v -0.254900 -0.097915 -0.499046
v -5.231394 11.402819 0.161242
v -3.566790 10.500852 0.220485
v -2.720528 9.499968 0.235049
v -1.791242 8.353234 0.240873
v -1.226903 6.912064 0.185388
v -1.052660 5.505953 0.156873
v -1.068558 4.118571 0.152731
v -0.973467 2.726725 0.178458
v -0.715098 1.328299 0.248130
v -0.261508 -0.077976 0.370340
v -4.835986 11.410586 0.741361
v -3.171384 10.508621 0.800603
v -2.325121 9.507736 0.815168
v -1.395834 8.361002 0.820992
v -0.831498 6.919833 0.765506
v -0.657253 5.513721 0.736992
v -0.673149 4.126339 0.732850
v -0.578058 2.734493 0.758578
v -0.319691 1.336068 0.828248
v 0.133900 -0.070208 0.950459
vt 0.277932 0.947386
vt 0.225823 0.947386
vt 0.225823 0.850004
vt 0.277932 0.850004
vt 0.277932 0.168333
vt 0.225823 0.168333
vt 0.225823 0.070951
vt 0.277932 0.070951
vt 0.277932 0.265715
vt 0.225823 0.265715
vt 0.277932 0.363096
vt 0.225823 0.363096
vt 0.277932 0.460478
vt 0.225823 0.460478
vt 0.277932 0.557860
vt 0.225823 0.557860
vt 0.277932 0.655241
vt 0.225823 0.655241
vt 0.277932 0.752623
vt 0.225823 0.752623
vt 0.121604 0.850004
vt 0.121604 0.947386
vt 0.069494 0.947386
vt 0.069494 0.850004
vt 0.121604 0.752623
vt 0.069494 0.752623
vt 0.121604 0.655241
vt 0.069494 0.655241
vt 0.121604 0.557860
vt 0.069494 0.557860
vt 0.121604 0.460478
vt 0.069494 0.460478
vt 0.121604 0.363096
vt 0.069494 0.363096
vt 0.121604 0.265715
vt 0.069494 0.265715
vt 0.121604 0.168333
vt 0.069494 0.168333
vt 0.121604 0.070951
vt 0.069494 0.070951
vt 0.173713 0.850004
vt 0.173713 0.947386
vt 0.173713 0.752623
vt 0.173713 0.655241
vt 0.173713 0.557860
vt 0.173713 0.460478
vt 0.173713 0.363096
vt 0.173713 0.265715
vt 0.173713 0.168333
vt 0.173713 0.070951
vn -0.463238 -0.835506 0.295535
vn -0.460910 -0.829990 0.314130
vn -0.566329 -0.733790 0.375265
vn -0.603968 -0.700110 0.380879
vn -0.835764 -0.181914 0.518079
vn -0.825273 -0.172491 0.537747
vn -0.819489 -0.218274 0.529901
vn -0.828417 -0.222536 0.514006
vn -0.846852 -0.091522 0.523894
vn -0.835182 -0.087137 0.543027
vn -0.850610 -0.020366 0.525402
vn -0.838698 -0.019656 0.544242
vn -0.849380 -0.053891 0.525024
vn -0.837921 -0.053844 0.543129
vn -0.828371 -0.222771 0.513979
vn -0.816405 -0.227442 0.530804
vn -0.766853 -0.427936 0.478338
vn -0.750408 -0.442823 0.490710
vn -0.696497 -0.569514 0.436516
vn -0.688932 -0.565321 0.453636
vn -0.585048 -0.804711 -0.100788
vn -0.473739 -0.878424 -0.062793
vn -0.464797 -0.868957 -0.169935
vn -0.612308 -0.753173 -0.240436
vn -0.761473 -0.632137 -0.143394
vn -0.734807 -0.607798 -0.301065
vn -0.850262 -0.499204 -0.166885
vn -0.826569 -0.441644 -0.348904
vn -0.948544 -0.243950 -0.201873
vn -0.896860 -0.208624 -0.390024
vn -0.975660 -0.053410 -0.212683
vn -0.913515 -0.044325 -0.404383
vn -0.977039 -0.029104 -0.211062
vn -0.913775 -0.030296 -0.405090
vn -0.969965 -0.128613 -0.206463
vn -0.907911 -0.130804 -0.398230
vn -0.947474 -0.251415 -0.197697
vn -0.887506 -0.254851 -0.383907
vn -0.928854 -0.316348 -0.192754
vn -0.872384 -0.313944 -0.374682
vn -0.582350 -0.793758 0.175548
vn -0.476459 -0.871886 0.113150
vn -0.753480 -0.621997 0.213042
vn -0.832842 -0.498431 0.240710
vn -0.931333 -0.255063 0.259925
vn -0.963363 -0.058716 0.261697
vn -0.966490 -0.025237 0.255461
vn -0.960738 -0.112220 0.253751
vn -0.942650 -0.220726 0.250382
vn -0.920692 -0.272702 0.279212
s 1
g pPlane1 polySurface3
usemtl blinn1SG
f 1726/1865/1985 1765/1866/1986 1766/1867/1987 1744/1868/1988
f 1730/1869/1989 1773/1870/1990 1774/1871/1991 1728/1872/1992
f 1732/1873/1993 1772/1874/1994 1773/1870/1990 1730/1869/1989
f 1734/1875/1995 1771/1876/1996 1772/1874/1994 1732/1873/1993
f 1736/1877/1997 1770/1878/1998 1771/1876/1996 1734/1875/1995
f 1738/1879/1999 1769/1880/2000 1770/1878/1998 1736/1877/1997
f 1740/1881/2001 1768/1882/2002 1769/1880/2000 1738/1879/1999
f 1742/1883/2003 1767/1884/2004 1768/1882/2002 1740/1881/2001
f 1744/1868/1988 1766/1867/1987 1767/1884/2004 1742/1883/2003
f 1746/1885/2005 1745/1886/2006 1725/1887/2007 1743/1888/2008
f 1747/1889/2009 1746/1885/2005 1743/1888/2008 1741/1890/2010
f 1748/1891/2011 1747/1889/2009 1741/1890/2010 1739/1892/2012
f 1749/1893/2013 1748/1891/2011 1739/1892/2012 1737/1894/2014
f 1750/1895/2015 1749/1893/2013 1737/1894/2014 1735/1896/2016
f 1751/1897/2017 1750/1895/2015 1735/1896/2016 1733/1898/2018
f 1752/1899/2019 1751/1897/2017 1733/1898/2018 1731/1900/2020
f 1753/1901/2021 1752/1899/2019 1731/1900/2020 1729/1902/2022
f 1754/1903/2023 1753/1901/2021 1729/1902/2022 1727/1904/2024
f 1756/1905/2025 1755/1906/2026 1745/1886/2006 1746/1885/2005
f 1757/1907/2027 1756/1905/2025 1746/1885/2005 1747/1889/2009
f 1758/1908/2028 1757/1907/2027 1747/1889/2009 1748/1891/2011
f 1759/1909/2029 1758/1908/2028 1748/1891/2011 1749/1893/2013
f 1760/1910/2030 1759/1909/2029 1749/1893/2013 1750/1895/2015
f 1761/1911/2031 1760/1910/2030 1750/1895/2015 1751/1897/2017
f 1762/1912/2032 1761/1911/2031 1751/1897/2017 1752/1899/2019
f 1763/1913/2033 1762/1912/2032 1752/1899/2019 1753/1901/2021
f 1764/1914/2034 1763/1913/2033 1753/1901/2021 1754/1903/2023
f 1766/1867/1987 1765/1866/1986 1755/1906/2026 1756/1905/2025
f 1767/1884/2004 1766/1867/1987 1756/1905/2025 1757/1907/2027
f 1768/1882/2002 1767/1884/2004 1757/1907/2027 1758/1908/2028
f 1769/1880/2000 1768/1882/2002 1758/1908/2028 1759/1909/2029
f 1770/1878/1998 1769/1880/2000 1759/1909/2029 1760/1910/2030
f 1771/1876/1996 1770/1878/1998 1760/1910/2030 1761/1911/2031
f 1772/1874/1994 1771/1876/1996 1761/1911/2031 1762/1912/2032
f 1773/1870/1990 1772/1874/1994 1762/1912/2032 1763/1913/2033
f 1774/1871/1991 1773/1870/1990 1763/1913/2033 1764/1914/2034
